अक	(१) {@“अक कुटिलायां गतौ”@} (ई-भ्वादिः-७९२ सकर्मकः-सेट्-परस्मैपदी) घटादिः मित्। ‘इदितस्त्वङ्कते तत्र कुटिलायां गतावकेत्।’ (श्लो ४१) इति देवः। णिच्- सन्- ण्वुल् आककः--किका, [[१। ‘मितां ह्रस्वः’ (६-४-९२) इति णौ उपधाया ह्रस्वः।]] अककः--किका, अचिकिष [[१आ ‘अजादेर्द्वितीयस्य’ (६-१-२) इति द्वितीय- स्यैकाचः द्वित्वम्। ‘कुहोश्चुः’ (७-४-६२) इत्यभ्यासस्य चुत्वम्।]] कः--षिका;\n\n  तृच् (तृन्) अकिता-त्री, अकयिता-त्री, अचिकिषिता-त्री;\n\n  शता अकन्-न्ती, अकयन्-न्ती, अचिकिषन्-न्ती;\n\n  अकिष्यन्-न्ती-ती, अकयिष्यन्-ती-न्ती, अचिकिषिष्यन्-न्ती-ती;\n\n  शानच् अकयमानः, अकयिष्यमाणः;\n\n  क्विप् अक्-अकौ अकः;\n\n  निष्ठा अकितम्- [[आ। ‘असाग्यमास्रं स्थगये कथं वा कगामि किं वा हरयेऽकिताय’ धातु- काव्ये २-८। श्लोकः।]] तः, अकितः, अचिकिषितः-तम्-तवान्;\n\n  अन्ये प्रत्ययाः अकः, अकः, [[२। ‘सनाशंसभिक्ष उः’ (३-२-१६८) इति उः प्रत्ययः।]] अचिकिषुः, अचिकयिषुः;\n\n  तव्यः अकितव्यम्, अकयितव्यम्, अचिकिषितव्यम्;\n\n  अनीयर् अकनीयम्, अकनीयम्, अचिकिषणीयम्;\n\n  ण्यत् अथवा यत् आक्यम्, अक्यम्, अचिकिष्यम्;\n\n  खल् ईषदकः-दुरकः-स्वकः;\n\n  यक् अक्यमानः, अक्यमानः, अचिकिष्यमाणः;\n\n  घञ् आकः, अकः, अचिकिषः;\n\n  तुमुन् अकितुम्, अकयितुम्, अचिकिषितुम्;\n\n  क्तिन् [[२आ ‘तितुत्र--’ (७-२-९) इतीण्णिषेधः।]] अक्तिः, अकना, अचिकिषा [[३। ‘अ प्रत्ययात्’ (३-३-१०२) इति स्त्रियामकारः प्रत्ययः। टाप्।]], अचिकयिषा;\n\n  [पृष्ठम्०००४+ ३५] ल्युट् अकनम्, अकनम्, अचिकिषणम्;\n\n  क्त्वा अकित्वा, अकयित्वा, अचिकिषित्वा;\n\n  ल्यप् समक्य, समकय्य [[१। ‘ल्यपि लघुपूर्वात्’ (६-४-५६) इति णेरयादेशः।]], समचिकिष्य;\n\n  क्त्वाणमुलौ अकित्वा २, आकमाकम्, [[२। ‘चिण्णमुलोर्दीर्घोऽन्यतरस्याम्’ (६-४-९३) इत्युपधाया दीर्घविकल्पः।]] आकम् २, अकम् २, अकयित्वा २, अचिकिषम् २;\n\n  अचिकिषित्वा २;\n\n 
अकि	(२) {@“अकि लक्षणे”@} (भ्वादिः-१-८७। सक-सेट्-आत्मनेपदी।) लक्षणं = चिह्रम्। ‘इदितस्त्वङ्कते तत्र कुटिलायां गतावकेत्।’ (श्लो ४१) इति देवः। अ [[३। ‘इदितो नुम् धातोः’ (७-१-५८) इति नुम्।]] ङ्ककः--ङ्किका, अङ्ककः-किका, [[४। ‘न न्द्राः संयोगादयः’ (६-१-३) इति नकारस्य द्वित्वनिषेधः। ‘कुहोश्चुः’ (७-४-६२) इत्यभ्यासस्य चकारः।।]] अञ्चिकिषकः--षिका;\n\n  अङ्किता-त्री, अङ्कयिता-त्री, अञ्चिकिषिता-त्री;\n\n  अङ्कयन्-न्ती, अङ्कयिष्यन्-न्ती-ती;\n\n  अङ्कमानः, अङ्कयमानः, अञ्चिकिषमाणः;\n\n  अङ्किष्यमाणः, अङ्कयिष्यमाणः, अञ्चिकिषिष्यमाणः;\n\n  अन् [[५। ‘संयोगान्तस्य लोपः’ (८-२-२३)।]] -अङ्कौ-अङ्कः;\n\n  अङ्कितः- [[B। ‘फलाङ्कितान् वङ्कितवल्लिमङ्कितान् वनप्रदेशान् उरुकाककोकिलान्’ धा-का। १-१३।]] तं, अङ्कितः-तम्-तवान्, अञ्चिकिषितः-तवान्;\n\n  अङ्कः, अङ्कः, अञ्चिकिषुः, अञ्चिकयिषुः;\n\n  अङ्कितव्यम्, अङ्कयितव्यम्, अञ्चिकिषितव्यम्;\n\n  अङ्कनीयम्, अङ्कनीयम्, अञ्चिकिषणीयम्;\n\n  अङ्क्यम्, अङ्क्यम्, अञ्चिकिष्यम्;\n\n  ईषदङ्कः-दुरङ्कः-स्वङ्कः;\n\n  [[६। इदित्त्वात् ‘अनिदितां’ (६-४-२४) इति नलोपो न।]] अङ्क्यमानः, अङ्क्यमानः, अञ्चिकिष्यमाणः;\n\n  [पृष्ठम्०००५+ २९] अङ्कः, पर्यङ्कः- [[१। ‘परेश्च घाङ्कयोः’ (८-२-२२) इति लत्वं वा। मञ्च इत्यर्थः।]] पल्यङ्कः, अङ्कः, अञ्चिकिषः;\n\n  अङ्कितुम्, अङ्कयितुम्, अञ्चिकिषितुम्;\n\n  अङ्का [[२। ‘गुरोश्च हलः’ (३-३-१०३) इति स्त्रियां अक्दमप्रत्ययः।]], अङ्कना, अञ्चिकिषा, अञ्चिकयिषा;\n\n  अङ्कनम्, [[३। ‘इजादेस्सनुमः’ (८-४-३२) इति नियमात् णत्वं न।]] प्राङ्कनम् अङ्कनम्, अञ्चिकिषणम्;\n\n  अङ्कित्वा, अङ्कयित्वा, अञ्चिकिषित्वा;\n\n  समङ्क्य, समङ्क्य, समञ्चिकिष्य;\n\n  अङ्कमङ्कम् २ अङ्कित्वा २, अङ्कम् २, अङ्कयित्वा २, अञ्चिकिषम्;\n\n  २ अञ्चिकिषित्वा;\n\n  २ अङ्कुरः [[४। औणादिक उरच्।]];\n\n 
अक्षू	(३) {@“अक्षू व्याप्तौ”@} (भ्वादिः-१-६५४। सक-वेट्-पर।) ‘संघाते च’ इति क्षीरस्वामी। अक्षकः-क्षिका, अक्षकः-क्षिका, अचिक्षिषकः-षिका;\n\n  [[५। ‘स्वरतिसूति--’ (७-२-४४) इतीड्विकल्पः।]] अक्षिता-त्री, अष्टा-ष्ट्री, अक्षयिता-त्री, अचिक्षिषिता-त्री;\n\n  अक्षन्-न्ती, अक्षयन्-न्ती, अचिक्षिषन्-न्ती;\n\n  [[६। ‘अक्षोऽन्यतरस्याम्’ (३-१-७५) इति वा श्नुः। उवङ्।]] अक्ष्णुवन्-वती, अक्षिष्यन्-अक्ष्यन्-ती-न्ती, अक्षयिष्यन्-ती-न्ती, अचिक्षिषिष्यन्-ती-न्ती;\n\n  अक्षयमाणः, अक्षयिष्यमाणः;\n\n  अट् [[७। ‘स्कोः--’ (८-२-२९) इति कलोपः।]] -अक्षौ-अक्षः, अक् [[८। ‘संयोगान्तस्य लोपः’ (८-२-२३)।]] अक्षौ-अक्षः, [[९। ऊदित्त्वात्, ‘यस्य विभाषा’ (७-२-१५) इतीण्णिषेधः। ककारलोपः।]] अष्टः-ष्टम्-ष्टवान्, अक्षितः, अचिक्षिषितम्-तः-तवान्;\n\n  [पृष्ठम्०००६+ २४] अक्षः, अक्षः, [[१। ‘कर्मण्यण्’ (३-२-१) इत्यण्।]] काष्ठाक्षः (ज्वलनः), अचिक्षिषुः, अचिक्षयिषुः;\n\n  अक्षितव्यम् अष्टव्यम् अक्षयितव्यम्, अचिक्षिषितव्यम्;\n\n  अक्षणीयम्, अक्षणीयम्, अचिक्षिषणीयम्;\n\n  अक्ष्यम्, अक्ष्यम्, अचिक्षिष्यम्;\n\n  ईषदक्षः-दुरक्षः-स्वक्षः;\n\n  अक्ष्यमाणः, अक्ष्यमाणः, अचिक्षिष्यमाणः;\n\n  अक्षः, अक्षः, अचिक्षिषः;\n\n  अक्षितुम्-अष्टुम्, अक्षयितुम्, अचिक्षिषितुम्;\n\n  अष्टिः, अक्षणा, अचिक्षिषा, अचिक्षयिषा;\n\n  अक्षणम्, अक्षणम्, अचिक्षिषणम्;\n\n  अक्षित्वा, अष्ट्वा, अक्षयित्वा, अचिक्षिषित्वा;\n\n  समक्ष्य, समक्ष्य, समचिक्षिष्य;\n\n  अक्षम् २, अक्षित्वा २, अष्ट्वा २ अक्षम् २, अक्षयित्वा २, अचिक्षिषम् २, अचिक्षिषित्वा २, अक्षि [[२। औणादिक इन् प्रत्ययः।]]।।
अग	(४) {@“अग कुटिलायां गतौ”@} (भ्वादिः-१-७९३-सक। से। पर।) घटादिः। \n\naागकः-गिका, अगकः-गिका, अजिगिषकः-षिका;\n\n  इत्यादि सर्वं अक (१।) घातुवत् बोद्धव्यम्।
अगि	(५) {@“अगि गतौ”@} (भ्वादिः-१-१४६-सक। से। पर।) \n\naङ्गन्-न्ती, अङ्गिष्यन्-न्ती-ती, अङ्गयन्-न्ती, अङ्गयिष्यन्-न्ती-ती;\n\n  अञ्जिगिषन्-न्ती इत्यादिरूपाणि विना, अवशिष्टानि अकि (२।) धातुवत् बोद्धव्यानि। \n\naस्य धातोरौणादिके निप्रत्यये नलोपे (अङ्गति = ज्वालारूपेणोद्र्ध्वं गच्छति इत्यर्थे) अग्निः।। [पृष्ठम्०००७+ २७] \n\nसंज्ञायां घः = अङ्गम्। प्रशस्तानि अङ्गानि यस्याः सा = अङ्गना। ‘अङ्गात् कल्याणे’ (ग। सू, -५-२-१००) इति पामादित्वात् नः प्रत्ययः। ‘विल- ङ्गदेणं शबराङ्गनाजनप्रवङ्गितं मङ्गलधेनुतङ्गितम्’ धा-का। १-२०।
अघि	(६) {@‘अघि गत्याक्षेपे’@} (भ्वादिः-१-१०९-सक। सेट्-आ।) गत्याक्षेपो = निन्दा (गतौ-गत्यारम्भे च)। \n\naङ्घकः-ङ्घिका, अञ्जिघिषकः-षिका, इत्यादिरूपाणि ‘अकि लक्षणे’ \n\n(२।) इति धातुवद् बोध्यानि। अङ्घितम् = भावे क्तः ‘अरङ्कि कोलैर्लघु तद्रथस्वनात् प्रबुद्ध्य सिंहैः पुनरङ्घितं सदा’ धा। का-१-१५।
अङ्क	(७) {@‘अङ्क पदे लक्षणे च’@} (१०-१९२७-चुरादिः सक। सेट्-उभ-) अदन्तः। ‘अङ्क लक्षण इत्यस्य भवेदङ्कयतीति णौ’ (श्लो ४१) इति देवः। ^१ अङ्ककः-ङ्किका, अञ्चिकयिषकः-षिका;\n\n  अङ्कयिता-त्री, अञ्चिकयिषिता-त्री;\n\n  अङ्कयन्-न्ती, अञ्चिकयिषन्-न्ती;\n\n  अङ्कयिष्यन्-न्ती-ती, अञ्चिकयिषिष्यन्-ती-न्ती;\n\n  अङ्कयमानः, अञ्चिकयिषमाणः;\n\n  अङ्कयिष्यमाणः, अञ्चिकयिषिष्यमाणः;\n\n  अन्-अङ्कौ-अङ्कः;\n\n  अङ्कितम्-तः-तवान्, अञ्चिकयिसितः-तवान्;\n\n  अङ्कः, अञ्चिकयिषुः;\n\n  अङ्कयितव्यम्, अञ्चिकयिषितव्यम्;\n\n  अङ्कनीयम्, अञ्चिकयिषणीयम्;\n\n  अङ्क्यम्, अञ्चिकयिष्यम्;\n\n  ईषदङ्कः-दुरङ्कः-स्वङ्कः;\n\n  अङ्क्यमानः, अञ्चिकयिष्यमाणः;\n\n  अङ्कः, अञ्चिकयिषः;\n\n  अङ्कयितुम्, अञ्चिकयिषितुम्;\n\n  अङ्कना, अञ्चिकयिषा;\n\n  [पृष्ठम्०००८+ ३७] अङ्कनम्, अञ्चिकयिषणम्;\n\n  अङ्कयित्वा, अञ्चिकयिषित्वा;\n\n  समङ्क्य, समञ्चिकयिष्य;\n\n  अङ्कम् २, अङ्कयित्वा २, अञ्चिकयिषम् २ अञ्चिकयिषित्वा २ \n\n१। धातोर्नित्यणिजन्तत्वात् णिज्रहिताद्रूपाणि न भवन्ति। अनेकाच्- त्वाद् यङन्तरूपाण्यपि न।
अङ्ग	(८) {@‘अङ्ग पदे लक्षणे च’@} (१०-१९२८-चुरादिः-सक। सेट्-उभ-) अदन्तः। पूर्वधातुवत् (७) सर्वाणि रूपाणि ज्ञेयानि।
अज	(९) {@“अज गतिक्षेपणयोः”@} (भ्वादिः-१-२३०-सक। सेट्-पर-) क्षेपणम् = प्रेरणम्। [[१। ‘अजेर्व्यघञपोः’ (२-४-५६) इति वीभावः।]] वायकः-यिका, वायकः-यिका विवीषकः- [[२। ‘वलादावार्धधातुके वेष्यते’ (२-४-५६ वा) इति वा वीभावः।]] अजिजिषकः-षिका,;\n\n  वेवीयक;\n\n  [[१। आ। आर्धधातुकविवक्षायां वीभावात् हलादित्वात् यङ्।]] वेता-त्री, [[२। ‘वलादावार्धधातुके वेष्यते’ (२-४-५६ वा) इति वा वीभावः।]] अजिता-त्री, वाययिता-त्री, विवीषिता-त्री, अजिजिषिता, वेवीयिता-त्री;\n\n  अजन् [[आ। ‘अकर्जितोऽसौ हरिखर्जनोत्कधीः अजत्पशुब्रातमजेन तेजितम्’ धा-का-१-३१।]] -न्ती, वाययन्-न्ती, विवीषन्-न्ती, अजिजिषन्-न्ती;\n\n  वेष्यन्-न्ती-ती, अजिष्यन्-ती-न्ती, बाययिष्यन्-ती-न्ती, विवीषिष्यन्-ती-न्ती, अजिजिषिष्यन्-ती-न्ती;\n\n  वाययमानः, वाययिष्यमाणः, वेवीयमानः, वेवीयिष्यमाणः;\n\n  परिवीः-परिव्यौ-परिव्यः, समक्-समजौ-समजः;\n\n  वीतः, अजितः-वायितम्-तः, विवीषितः, अजिजिषितः, वेवीयितः-तम्-तवान्, अजः, [[आ। ‘अकर्जितोऽसौ हरिखर्जनोत्कधीः अजत्पशुब्रातमजेन तेजितम्’ धा-का-१-३१।]] अजा, [[३। ‘अजाद्यतष्टाप्’ (४-१-४) इति टाप्]] आजिः, [[४। ‘अज्यतिभ्याम्--पादे च’ (४-१३१) इत्यौणादिकः इण् प्रत्ययः।]] पदाजिः, [[४। ‘अज्यतिभ्याम्--पादे च’ (४-१३१) इत्यौणादिकः इण् प्रत्ययः।]] विवीषुः, विवाययिषुः, अजिजिषुः, आजिजयिषुः, वेबीय;\n\n  [पृष्ठम्०००९+ ३९] वेतव्यम्-अजितव्यम्, वाययितव्यम्, विवीषितव्यम्, अजिजिषितव्यम्, वेवीयितव्यम्;\n\n  वयनीयम्, वायनीयम्, विवीषणीयम्, अजिजिषणीयम्, वेवीयनीयम्;\n\n  वेयम्, वाय्यम्, विवीष्यम्, अजिजिष्यम्, वेवीय्यम्;\n\n  ईषद्वयः, दुर्वयः, सुवयः;\n\n  वीयमानः, वाय्यमानः, विवीष्यमाणः, अजिजिष्यमाणः;\n\n  वेवीय्यमानः;\n\n  [[१। ‘समुदोरजः पशुषु’ (३-३-६९) इत्यपू।]] समजः, [[१आ ‘अजिव्रज्योश्च’ (७-३-६०) इति कुत्वं न भवति। ‘पशूनां समजो ऽन्येषां समाजोऽथ सधर्मिणाम्’ इति अमरकोशः।]] समाजः [[B। ‘गुहाद्वारेण निर्यातः समजेन पशूनिव’ भट्टिकाव्ये-७-५९।]], उदाजः, -वायः, वात [[C। ‘मेघात्ययोपात्तवनोपशोभं कदम्बकं वातमजं मृगाणाम्’ भ-का-२-१७।]] मजा [[२। ‘वातशुनीतिलशर्घेषु अजधेट्जहातीनां’ (वा। ३-२-२८) इति खश्। मुम्। सार्वधातुकत्वान्न वीभावः।]] ः (मृगाः), व्यजः [[३। ‘गोचरसंचरवहव्रजव्यज-’ (३-३-११९) इति घान्तो निपातितः।]], व्याजः [[ड्। ‘निर्व्याजमिज्या ववृते वचश्च भूयो बभाषे मुनिना कुमारः’ भ-का-२-३७।]];\n\n  वेतुम्, अजितुम्, वाययितुम्, विवीषितुम्, अजिजिषितुम्, वेवीयितुम्;\n\n  वीतिः, अक्तिः, [[४। ‘संज्ञायां समज-’ (३-३-९९) इति स्त्रियां क्यप्। निपातनात् वीभावो न।]] समज्या, वायना, विवीषा, विवाययिषा, अजिजिषा, आजिजयिषा, वेवीया;\n\n  प्रवयणम् [[५। ‘वा यौ’ (२-४-५७) इति वीभावो वा।]] -प्राजनम्, वायनम्, विवीषणम्, अजिजिषणम्, वेवीयनम्;\n\n  वीत्वा, अजित्वा, वाययित्वा, विवीषित्वा, अजिजिषित्वा, वेवीयित्वा;\n\n  प्रवीय, प्राज्य, प्रवाय्य, प्रविवीष्य, प्राजिजिष्य, प्रवेवीय्य;\n\n  वायम् २, वीत्वा २, अजित्वा २, वायम् २ वाययित्वा २, विवीषम् २, विवीषित्वा २, अजिजिषम् २, अजिजिषित्वा २, वेवीयम् २, वेवीयित्वा २;\n\n  औणादिके = अजिनम् [[६। अजिनम् = चर्म। अजति-वीयते वा तत्-कर्म, कर्ता वा। इन प्रत्ययः।]] -अजिरम् [[७। अजिरम् = वेश्म। अजन्त्यस्मिन् इत्यधिकरणे किर प्रत्ययः।]];\n\n  [पृष्ठम्००१०+ २७]
अजि	(१०) {@‘अजि भाषार्थः’@} (१०-चुरादिः १७८६-सक। सेट्। उभ।) अञ्जकः-ञ्जिका, व्यञ्जकः, अञ्जिजयिषकः-षिका;\n\n  अञ्जयिता-त्री, अञ्जिजयिषिता-त्री;\n\n  अञ्जयन्-न्ती, अञ्जिजयिषन्-न्ती;\n\n  अञ्जयिष्यन्-ती-न्ती, अञ्जिजयिषिष्यन्-ती-न्ती;\n\n  अञ्जयमानः, अञ्जिजयिषमाणः;\n\n  अञ्जयिष्यमाणः, अञ्जिजयिषिष्यमाणः;\n\n  व्यन्-व्यञ्जौ-व्यञ्जः;\n\n  अञ्जितम्-तः-तवान्, अञ्जिजयिषितः-तवान्;\n\n  व्यञ्जः, अञ्जिजयिषुः;\n\n  अञ्जयितव्यम्, अञ्जिजयिषितव्यम्;\n\n  व्यञ्जनीयम्, अञ्जिजयिषणीयम्;\n\n  अञ्ज्यम्, अञ्जिजयिष्यम्;\n\n  ईषदञ्जः, दुरञ्जः, स्वञ्जः;\n\n  अञ्ज्यमानः, अञ्जिजयिष्यमाणः;\n\n  अञ्जः, अञ्जिजयिषः;\n\n  अञ्जयितुम्, अञ्जिजयिषितुम्;\n\n  अञ्जना-व्यञ्जना, अञ्जिजयिषा;\n\n  व्यञ्जनम्, अञ्जिजयिषणम्;\n\n  अञ्जयित्वा, अञ्जिजयिषित्वा;\n\n  अभिव्यञ्ज्य, व्यञ्जिजयिष्य;\n\n  व्यञ्जम् २, अञ्जयित्वा २, अञ्जिजयिषम् २;\n\n  अञ्जिजयिषित्वा २;\n\n 
अट	(११) {@‘अट गतौ’@} (१-भ्वादिः-२९५ सक। सेट्। पर।) आटकः-टिका, आटकः-टिका, अटिटिषकः-षिका, [[१। ‘सूचिसूत्रि--’ (वा। ३-१-२२) इति यङ्। ‘अटाटकः’ इत्यत्र ‘यस्य हलः’ (६-४-४९) इति यकारस्य लोपः ‘अतो लोपः’ (६-४-४८) इत्यकारलोपः।]] अटाटकः-टिका;\n\n  अटिता-त्री, आटयिता-त्री;\n\n  अटिटिषिता-त्री, अटाटिता-त्री;\n\n  [पृष्ठम्००११+ ४२] अटन्-पर्यटन्-न्ती, आटयन्-न्ती;\n\n  अटिटिषन्-न्ती;\n\n  अटिष्यन्-ती-न्ती, आटयिष्यन्-ती-न्ती, अटिटिषिष्यन्-न्ती-ती;\n\n  आटयमानः, आटयिष्यमाणः, अटाट्यमानः [[आ। ‘अटाट्यमानोऽरण्यानि ससीतः सहलक्ष्मणः’ भ-का। ४-२]];\n\n  अट्, अटौ-अटः;\n\n  अटितम्, आटितम्, अटिटिषितम्-तः-तवान्;\n\n  अटाटितम्-तः तवान्;\n\n  अटः, [[B। ‘अम्लेटकैः चाकटुचाटुभाषितैरटैः पटत्संरटिताञ्जनोत्करैः’ धा। का। १-३९। ५।]] [[१। ‘सुप्यजातौ णिनिस्ताच्छील्ये’ इति (३-२-७८) णिनिः।]] पर्याटी, [[२। ‘कर्मण्यणू’ (३-२-१) इति अण्।]] भिक्षाटः, [[C। ‘नारायणे राश्रिमटाङ्गनानामसातये तत्र जनिष्यमाणे’ वासुदेवविज- यकाव्ये ३। १।]] रात्रिमटः [[३। ‘रात्रेः कृति विभाषा’ (६-३-७२) इति मुम् वा।]] रात्र्यटः, अटिटिषुः, आटिटयिषुः, [[४। शकन्ध्वादित्वात् (वा। १-१-६४) पररूपम्।]] कुलटा, अंटाटः, अटनः [[V। नन्द्यादेराकृतिगणत्वाल्ल्युः।]];\n\n  अटितव्यम्, आटयितव्यम्, अटिटिषितव्यम्, अटाटितव्यम्;\n\n  अटनीयम्, आटनीयम्, अटिटिषणीयम्, अटाटनीयम्;\n\n  आट्यम्, आट्यम्, अटिटिष्यम्, अटाट्यम्;\n\n  ईषदटः-दुरटः-स्वटः;\n\n  अट्यमानः, आट्यमानः, अटिटिष्यमाणः, अटाट्यमानः;\n\n  आटः, आटः, अटिटिषः, अटाटः;\n\n  अटितुम्, आटयितुम्, अटिटिषितुम्, अटाटितुम्;\n\n  अट्टिः, अटा, आटना, पर्याटना, अटाटा [[५। ‘परिसर्यापरिचर्यामृगयाटाट्या- नामुपसंख्यानम्’ वा (३-३-१०१) इति शे यकिट्यशब्दस्य द्वित्वम्, पूर्वभागे यकारनिवृत्तिर्दीर्घश्च निपा- त्यते। केवलं गमनमात्रमर्थः।]], अटिटिषा, आटिटयिषा, अटा [[५। ‘परिसर्यापरिचर्यामृगयाटाट्या- नामुपसंख्यानम्’ वा (३-३-१०१) इति शे यकिट्यशब्दस्य द्वित्वम्, पूर्वभागे यकारनिवृत्तिर्दीर्घश्च निपा- त्यते। केवलं गमनमात्रमर्थः।]] ट्या;\n\n  पर्यटनम्, आटनम्, अटिटिषणम्, अटाटनम्;\n\n  अटित्वा, आटयित्वा, अटिटिषित्वा, अटाटित्वा;\n\n  पर्यट्य, समाट्य, समटिटिष्य, समटाट्य;\n\n  [पृष्ठम्००१२+ २७] आटम् २, अटित्वा २, आटम् २, आटयित्वा २, अटिटिषम् २, अटिटिषित्वा २, अटाटम् २;\n\n  अटाटित्वा २;\n\n  अटविः [[ऋ। औणादिकौ शब्दौ।]], अटवी;\n\n 
अट्ट@}	(१२) {@अट्ट@} [[आ। ‘हिंसातिक्रमयोरट्टेरट्टतेऽनादरेऽट्टयेत्।’ (श्लो ७२) इति देवः। अतिक्रमः = उल्लङ्घनम्।]] {@अतिक्रमहिंसनयोः@} (१-भ्वादिः-२५४। सक-सेट्। आ।) अट्टकः-ट्टिका, अट्टकः-ट्टिका, [[१ धातुरयं तोपधः दोपध इति मतद्वयम्। तोपधत्वे-अटिट्टिषकः इत्यादि, दोपधत्वे अट्टिटिषक इत्यादि च रूपाणीति ज्ञेयम्। टोपधोऽपि कल्पद्रुमे--तत्पक्षे क्विपि अट् इति।]] अटिट्टिषकः, अट्टिटिषकः-षिका;\n\n  अट्टिता-त्री, अट्टयिता-त्री, अटिट्टिषिता-त्री, अट्टिटिषिता-त्री;\n\n  अट्टयन्-न्ती, अट्टयिष्यन्-ती-ती;\n\n  अट्टमानः, अट्टयमानः, अटिट्टिषमाणः, अट्टिटिषमाणः;\n\n  अट्टिष्यमाणः, अट्टयिष्यमाणः, अटिट्टिषिष्यमाणः, अट्टिटिषिष्यमाणः;\n\n  अट्, अट्टौ-अट्टः, [[B। ‘मार्गात् स दृष्ट्वा हरिपादलाञ्छनं व्यवेष्टतोर्व्यां महनीयचेष्टितः। तत्केलिसंघोष्टि- तलोष्टमानमद्वने मरुद्घट्टितपोस्फुटद्रुमे।।’ धा। का १-३४। तोपधे दोपधे वा क्विपि रूपम्।]] मार्गात्;\n\n  अट्टितम्-तः-तवान्, अट्टितः, अटिट्टिषितम्, अट्टिटिषितम्-तः-तवान्;\n\n  अट्टः, अट्टः, अटिट्टिषुः, अट्टिटिषुः;\n\n  अट्टितव्यम्, अट्टयितव्यम्, अटिट्टिषितव्यम्, अट्टिटिषितव्यम्;\n\n  अट्टनीयम्, अट्टनीयम्, अटिट्टिषणीयम्, अट्टिटिषणीयम्;\n\n  अट्ट्यम्, अट्ट्यम्, अटिट्टिष्यम्, अट्टिटिष्यम्;\n\n  ईषटट्टः, दुरट्टः, स्वट्टः;\n\n  अट्ट्यमानः, अट्ट्यमानः, अटिट्टिष्यमाणः, अट्टिटिष्यमाणः;\n\n  अट्टः, अट्टः, अटिट्टिषः, अट्टिटिषः;\n\n  अट्टितुम्, अट्टयितुम्, अटिट्टिषितुम्, अट्टिटिषितुम्;\n\n  अट्टा [[२। ‘गुरोश्च हलः’ (३-३-१०३) इत्यः प्रत्ययः।]], अट्टना, अटिट्टिषा, अट्टिटिषा;\n\n  [पृष्ठम्००१३+ २८] अट्टनम्, अट्टनम्, अटिट्टिषणम्, अट्टिटिषणम्;\n\n  अट्टित्वा, अट्टयित्वा, अटिट्टिषित्वा, अट्टिटिषित्वा;\n\n  समट्ट्य, समट्ट्य, समटिट्टिष्य, समट्टिटिष्य;\n\n  अट्टम् २ अट्टित्वा २ अट्टम् २ अट्टयित्वा अटिट्टिषम् २ अटिट्टिषित्वा २ अट्टिटिषम् २;\n\n  अट्टिटिषित्वा २;\n\n 
अट्ट	(१३) {@‘अट्ट अनादरे’@} (१०-चुरादिः-१५६१ अक-सेट्-उभयपदी।) {@‘हिंसातिक्रमयोरट्टेरट्टतेऽनादरेऽट्टयेत्’@} (श्लो ७२) इति देवः। अट्टकः-ट्टिका, [[आ। अस्य चुरादित्वात् शुद्धधातो रूपाणि, अजादित्वाद्यङन्तरूपाणि च न भवन्ति।]] अट्टिटयिषकः-षिका;\n\n  अट्टयिता-त्री, अट्टिटयिषिता-त्री;\n\n  अट्टयन्-न्ती, अट्टिटयिषन्-न्ती;\n\n  अट्टयिष्यन्-न्ती-ती, अट्टिटयिषिष्यन्-न्ती-ती;\n\n  अट्टयमानः, अट्टिटयिषमाणः;\n\n  अट्टयिष्यमाणः, अट्टिटयिषिष्यमाणः;\n\n  अत् [[१। अर्य दोपधः। तत्पक्षे टकारस्य संयोगान्तलोपे ‘वाऽवसाने’ (८-४-५६) इति चर्त्वे रूपद्वयम्।]], अद्, अट्टौ-अट्टः, अट्टितम्-तः-तवान्, अट्टिटयिषितम्-तः-तवान्;\n\n  अट्टः, अट्टिटयिषुः;\n\n  अट्टयितव्यम्, अट्टिटयिषितव्यम्;\n\n  अट्टनीयम्, अट्टिटयिषणीयम्;\n\n  अट्ट्यम्, अट्टिटयिष्यम्;\n\n  ईषदट्टः, दुरट्टः, स्वट्टः;\n\n  अट्ट्यमानः, अट्टिटयिष्यमाणः;\n\n  अट्टयितुम्, अट्टिटयिषितुम्;\n\n  अट्टना, अट्टिटयिषा;\n\n  अट्टनम्, अट्टिटयिषणम्;\n\n  अट्टयित्वा, अट्टिटयिषित्वा;\n\n  समट्ट्य, समट्टिटयिष्य;\n\n  [पृष्ठम्००१४+ २८] अट्टम् २, अट्टयित्वा २, अट्टिटयिषम् २;\n\n  अट्टिटयिषित्वा २;\n\n 
अठि	(१४) {@‘अठि गतौ’@} (१-भ्वादिः-२६१-सक। से-आ।) \n\n‘अकि लक्षणे’ (२।) इति धातुवद्रूपाणि ज्ञेयानि। क्विपि अन्-इति रूपम्। संयोगान्तलोपः। न + अन् = [[आ। ‘अनन् कुमार्गेषु शुभाध्वनैव वन् प्रमन् भृशोत्कण्ठितगोपिके हरौ।’ धा। का। १। ३५]] अनन्।
अड	(१५) {@‘अड उद्यमने’@} (१-भ्वादिः-३५८-सक। से। पर।) \n\nशतरि अडन् [[B। ‘प्ररोडकानङ्गविलोलितैर्वृतान् रतावडद्भिः ललनाजनैः खलैः।’ धा। का। १। ४६।]]। अडतीत्यडः = वृश्चिकलाङ्गूलः। विशिष्टोऽडः = व्यडः। तस्यापत्यमत इञ् व्याडिः आचार्यः। संग्रहनामकस्य लक्षग्रन्थपरिमितस्य व्याकरण- शास्त्रस्य कर्ता पाणिनेर्भागिनेयः। स्वागतादित्वात् आदिवृद्धिप्रतिषेधः। इति मा। धा। वृत्तिः। अन्यानि सर्वाणि रूपाणि ‘अट गतौ’ (११) इतिवत् बोध्यानि।
अड्ड	(१६) {@“अड्ड अभियोगे”@} (१-भ्वादिः-३४८-सक। से-पर।) अयं दोपधः। {@अभियोगः@} = समाधानम्। अड्डकः-ड्डिका, अड्डकः-ड्डिका, [[१। ‘न न्द्राः संयोगादयः’ (६-१-३) इति दकारस्य द्वित्वनिषेधः।]] अड्डिडिषकः-षिका;\n\n  अड्डिता-त्री, अड्डयिता-त्री, अड्डिडिषिता-त्री;\n\n  अड्डन्-न्ती, अड्डयन्-न्ती, अड्डिडिषन्-न्ती;\n\n  अड्डिष्यन्-न्ती-ती, अड्डयिष्यन्-न्ती-न्ती, अड्डिडिषिष्यन्-ती-न्ती;\n\n  अड्डयमानः, अड्डयिष्यमाणः;\n\n  अट्, [[२। डोपधपक्षे एवं रूपम्।]] अत्-अद् [[आ। ‘प्ररुण्ठिताघैरनुलुण्ठकैर्हरेः प्रचुड्डबो- धाद्भिः अतीव शोभितान्’ धा। का। १-४५।]] - अड्डौ-अड्डः;\n\n  अड्डितम्-तः-तवान्, अड्डितः, अड्डिडिषितम्-तः-तवान्;\n\n  अड्डः, अड्डः, अड्डिडिषुः, अड्डिडयिषुः;\n\n  [पृष्ठम्००१५+ ३०] अड्डितव्यम्, अड्डयितव्यम्, अड्डिडिषितव्यम्;\n\n  अड्डनीयम्, अड्डनीयम्, अड्डिडिषणीयम्;\n\n  अड्ड्यम्, अड्ड्यम्, अड्डिडिष्यम्;\n\n  ईषदड्डः-दुरड्डः, स्वड्डः;\n\n  अड्ड्यमानः, अड्ड्यमानः, अड्डिडिष्यमाणः;\n\n  अड्डः, अड्डः, अड्डिडिषः;\n\n  अड्डा, अड्डना, अड्डिडिषा, अड्डिडयिषा;\n\n  अड्डितुम्, अड्डयितुम्, अड्डिडिषितुम्;\n\n  अड्डनम्, अड्डनम्, अड्डिडिषणम्;\n\n  अड्डित्वा, अड्डयित्वा, अड्डिडिषित्वा;\n\n  प्राड्ड्य, समड्ड्य, समड्डिडिष्य;\n\n  अड्डम् २, अड्डित्वा २, अड्डम् २, अड्डयित्वा २, अड्डिडिषम् २;\n\n  अड्डिडिषित्वा २;\n\n 
अण	(१७) {@“अण शब्दार्थः”@} (१-भ्वादिः ४४४-अक। से-पर।) ‘अणेरणति शब्दार्थे, प्राणते त्वण्यते श्यनि।’ (९२) इति देवः। आणकः-णिका, आणकः-णिका, अणिणिषकः-षिका;\n\n  अणिता-त्री, आणयिता-त्री, अणिणिषिता, त्री;\n\n  अणन् [[आ। ‘अणद्दिशः केलिरणैर्मनोज्ञया वाण्या भणन्तो मणिभूषणोत्कणाः। वनात् कुमाराः क्वणिताग्र्यवेणवो व्रणद्विषा- णभ्रणिताभ्रमाययुः।। धा। का १-५८।’]] -न्ती, आणयन्-न्ती, अणिणिषन्-न्ती;\n\n  अणिष्यन्-ती-न्ती, आणयिष्यन्-ती-न्ती, अणिणिषिष्यन्-ती-न्ती;\n\n  आणयमानः, आणयिष्यमाणः;\n\n  आण् [[१। ‘अनुनासिकस्य क्विझलोः क्ङिति’ (६-४-१५) इति दीर्घः।]] आणौ-आणः;\n\n  अणितम्-तः-तवान्, आणितम्-तः-तवान्, अणिणिषितम्-तः-तवान्;\n\n  अणः, प्राणः, आनः ध्वाङ्क्षाणी, [[२। ‘कर्तर्युपमाने’ (३-२-७९) इति णिनिः।]] अणिणिषुः, आणिणयिषुः;\n\n  [पृष्ठम्००१६+ २४] अणितव्यम्, आणयितव्यम्, अणिणिषितव्यम्;\n\n  अणनीयम्, आणनीयम्, अणिणिषणीयम्;\n\n  आण्यम्, आण्यम्, अणिणिष्यम्;\n\n  ईषदणः-दुरणः-स्वणः;\n\n  अण्यमानः, आण्यमानः, अणिणिष्यमाणः;\n\n  आणः, आणः, अणिणिषः;\n\n  अणितुम्, आणयितुम्, अणिणिषितुम्;\n\n  [[१। ‘अनुनासिकस्य--’ (६-४-१५) इति दीर्घः। ष्टुत्वम्।]] आण्टिः, आणना, अणिणिषा, आणिणयिषा;\n\n  अणनम्, आणनम्, अणिणिषणम्;\n\n  अणित्वा, आणयित्वा, अणिणिषित्वा;\n\n  प्राण्य, प्राण्य, समणिणिष्य;\n\n  आणम् २ अणित्वा २ आणम् २, आणयित्वा २, अणिणिषम् २;\n\n  अणिणिषित्वा २;\n\n 
अण	(१८) {@“अण प्राणने”@} (४ दिवादिः-११७५ अक। से। आ।) [[आ। ‘अन’ इति नकारान्तः, तवर्गीयान्तेषु पाठात्--इति शाकटायनः]] ‘अणेरणति शब्दार्थे प्राणते त्वण्यते श्यनि’ (श्लो ९२) इति देवः। आ [[२। ‘अत उपधायाः’ (७-२-११६) इति वृद्धिः।]] णकः-णिका, आणकः-णिका, अणिणिषकः-षिका;\n\n  अणिता-त्री, आणयिता-त्री, अणिणिषिता-त्री;\n\n  आणयन्-न्ती, आणयिष्यन्-न्ती-ती;\n\n  अण्य [[३। दिवादित्वात् श्यन्।]] मानः, आणयमानः, अणिणिषमाणः;\n\n  अणिष्यमाणः आणयिष्यमाणः, अणिणिषिष्यमाणः;\n\n  [[४। ‘अनुनासिकस्य--’ (६-४-१५) इति उपधायाः दीर्घः।]] प्राण्-प्राणौ-प्राणः;\n\n  अणितः-तम् तवान्, आणितः, अणिणिषितम्-तः-तवान्;\n\n  अणः, आणः, अणिणिषुः, आणिणयिषुः;\n\n  [पृष्ठम्००१७+ २७] अणितव्यम्, आणयितव्यम्, अणिणिषितव्यम्;\n\n  अणनीयम्, आणनीयम्, अणिणिषणीयम्;\n\n  आण्यम्, आण्यम्, अणिणिष्यम्;\n\n  ईषदणः, दुरणः, स्वणः;\n\n  ईषदाणः, दुराणः, स्वाणः;\n\n  अण्यमाणः, आण्यमानः, अणिणिष्यमाणः;\n\n  आणः, आणः, अणिणिषः;\n\n  अणितुम्, आणयितुम्, अणिणिषितुम्;\n\n  आ [[१। ‘अनुनासिकस्य--’ (६-४-१५) इति उपधादीर्घः। ष्टुत्वम्।]] ण्टिः, आणना, अणिणिषा, आणिणयिषा;\n\n  अणनम् [[आ। ‘कंसानुरोध्यणनहृन्मतिमद्युगर्च्यः शेषं व्यसृज्यत पटौघमलिश्यमानम्’ (धा। का। २-६२)]], आणनम्, अणिणिषणम्;\n\n  अणित्वा, आणयित्वा, अणिणिषित्वा;\n\n  प्राण्य, प्राण्य, प्राणिणिष्य;\n\n  आणम् २, अणित्वा २, आणम् २, आणयित्वा २, अणिणिषम् २;\n\n  अणिणिषित्वा २;\n\n 
अत	(१९) {@“अत सातत्यगमने”@} (१-भ्वादिः-३८-सक। से। पर।) ‘बन्धनेऽन्तति, सातत्यगमनेऽतति, चिन्तयेत्।’ (श्लो। ९४) इति देवः। सातत्यगमनम् = सन्ततगमनम्। आतकः-तिका, आतकः-तिका, अतितिषकः-षिका;\n\n  अतिता-त्री, आतयिता-त्री, अतितिषिता-त्री;\n\n  [[(अ)। ‘ग्रामं ग्रामाय वा अतन्-’ इत्यत्र ‘गत्यर्थकर्मणि--’ (२-३-१२।) इत्यनेन द्वितीयाचतुर्थ्यौ भवतः।]] अतन्-न्ती, आतयन्-न्ती, अतितिषन्-न्ती;\n\n  अतिष्यन्-न्ती-ती, आतयिष्यन्-ती-न्ती, अतितिषिष्यन्-न्ती-ती;\n\n  आतयमानः, आतयिष्यमाणः;\n\n  अत्-अतौ-अतः, मार्गात्;\n\n  [[(आ)। ‘अतितो ग्रामम्, अतितो ग्रामः, अतितं देवदत्तेन, इदमेषामतितम्।’ इत्यादौ ‘गत्यर्थाकर्मक--’ (३-४-७२) इति, ‘क्तोऽधिकरणे च ध्रौव्यगति--’ (३-४-७६) इति च क्रमेण कर्तृ-कर्म-भाव-अधिकरणेषु क्तः प्रत्ययः।]] अतितम्-तः-तवान्, आतितः, अतितिषितम्-तः-तवान्;\n\n  [पृष्ठम्००१८+ ३५] अतः [[आ। ‘अभियाऽतावरं तुङ्गं भूभृतं रुचिरं पुरः। कर्कशं प्रस्थितं धाम ससत्त्वं पुष्करेक्षणम्।’ भ। का। १०-२१। अतस्यावरः। पचाद्यच्]], पदातिः [[१। ‘पादस्य पदाज्याति--’ (६-३-५२) इति पद्भावः। औणादिक इणू प्रत्ययः।]], मार्गातः, आतः, अतितिषुः, आतितयिषुः;\n\n  अतितव्यम्, आतयितव्यम्, अतितिषितव्यम्;\n\n  अतनीयम्, आतनीयम्, अतितिषणीयम्;\n\n  आत्यम्, आत्यम्, अतितिष्यम्;\n\n  ईषदतः, दुरतः, स्वतः;\n\n  ईषदातः, दुरातः, स्वातः;\n\n  अत्यमानः, आत्यमानः, अतितिष्यमाणः;\n\n  आतः, आतः, अतितिषः;\n\n  अतितुम्, आतयितुम्, अतितिषितुम्;\n\n  अत्तिः, आतना, अतितिषा, आतितयिषा;\n\n  अतनम्, आतनम्, अतितिषणम्;\n\n  अतित्वा, आतयित्वा, अतितिषित्वा;\n\n  समत्य, समात्य, समतितिष्य;\n\n  आतम् २, अतित्वा २, आतम् २, आतयित्वा २, अतितिषम् २;\n\n  अतितिषित्वा २;\n\n  [[२। दशपाद्युणादिवृत्तौ १-४४। इथिन् प्रत्ययः।]] अतिथिः, आत्मा [[३। मनिण् प्रत्ययः ६-८१। द-उ।]]।।
अति	(२०) {@“अति बन्धने”@} (१-भ्वादिः-६१-सक। सेट्। पर।) ‘बन्धनेऽन्तति, सातत्यगमनेऽतति, चिन्तयेत्।’ (श्लो ९४) इति देवः। अन्त [[B। ‘अतर्दकास्त्वद्य विकर्दमाशयाः प्रखर्दवृत्तैरसमन्तितान्तिकाः। श्रुतान्दुकैश्चित्तगजेन्द्ररोधिनस्तुष्यन्तु सन्तो गुणबिन्दुलोलुपाः।।’ (धा। का। १-९।)]] कः-न्तिका, अन्तकः-न्तिका, अन्ति [[४। ‘न न्द्राः संयोगादयः’ (६-१-३) इति नकारस्य द्वित्वनिषेधः।]] तिषकः-षिका;\n\n  अन्तिता-त्री, अन्तयिता-त्री, अन्तितिषिता-त्री;\n\n  अन्तन्-न्ती, अन्तयन्-न्ती, अन्तितिषन्-न्ती;\n\n  अन्तिष्यन्-ती-न्ती, अन्तयिष्यन्-ती-न्ती, अन्तितिषिष्यन्-ती-न्ती;\n\n  [पृष्ठम्००१९+ ३३] अन्तयमानः, अन्तयिष्यमाणः;\n\n  अन् [[१। ‘संयोगान्तस्य लोपः’ (८-२-२३) इति तकारस्य लोपः।]], अन्तौ, अन्तः;\n\n  अन्तितम्-तः-तवान्, अन्तितः, अन्तितिषितम्-तः-तवान्;\n\n  अन्तः, सम [[२। ‘सुप्यजातौ णिनि’ -- (३-२-७८) इति णिनिः।]] न्ती, अन्तितिषुः, अन्तितयिषुः;\n\n  अन्तितव्यम्, अन्तयितव्यम्, अन्तितिषितव्यम्;\n\n  अन्तनीयम्, अन्तनीयम्, अन्तितिषणीयम्;\n\n  अन्त्यम्, अन्त्यम्, अन्तितिष्यम्;\n\n  ईषदन्तः, दुरन्तः, स्वन्तः;\n\n  अ [[३। इदित्त्वात् ‘अनिदितां--’ (६-४-२४) इति नलोपो न।]] न्त्यमानः, अन्त्यमानः, अन्तितिष्यमाणः;\n\n  अन्तः, अन्तः, अन्तितिषः;\n\n  अन्तितुम्, अन्तयितुम्, अन्तितिषितुम्;\n\n  अ [[४। ‘गुरोश्च हलः’ (३-३-१०३) इत्य- प्रत्ययः।]] न्ता, अन्तना, अन्तितिषा, अन्तितयिषा;\n\n  अन्तनम्, अन्तनम्, अन्तितिषणम्;\n\n  अन्तित्वा, अन्तयित्वा, अन्तितिषित्वा;\n\n  समन्त्य, समन्त्य, समन्तितिष्य;\n\n  अन्तम् २, अन्तित्वा २, अन्तम् २, अन्तयित्वा २, अन्तितिषम् २;\n\n  अन्तितिषित्वा २
अद	(२१) {@“अद भक्षणे”@} (२-अदादिः-१०११-सक-अनि। पर।) आदकः-दिका, आदकः-दिका, [[५। ‘लुङ्सनोर्घसॢ’ (२-४-३७) इति घसॢ। ‘सस्स्यार्धधातुके’ (७-४-४९) इति सकारस्य तकारः।]] जिघत्सकः-त्सिका;\n\n  [[६। ‘एकाच उपदेशे--’ (७-२-१०) इतीण्णिषेधः।]] अत्ता-त्री, आदयिता-त्री, जिघत्सिता, त्री;\n\n  [[आ। ‘अदन् मधुघ्नो द्विषते विसृज्य श्ववल्कजं विश्वमुदं दुहानः’ धा। का। २। ४४।]] अदन्-ती, आदयन्-न्ती, जिघत्सन्-न्ती;\n\n  अत्स्यन्-ती-न्ती, आदयिष्यन्-ती-न्ती, जिघत्सिष्यन्-ती-न्ती;\n\n  [पृष्ठम्००२०+ ४१] आ [[१। ‘अदेः प्रतिषेधः’ (वा-१-३-८७) इति अस्य भक्षणार्थत्वेऽपि आत्मनेप- दित्वमेव।]] दयमानः, आदयिष्यमाणः;\n\n  सस्या [[२। ‘अदोऽनन्ने’ (३-२-६८) इति विट्।]] त्, आमात्, क्रव्यात् [[B। ‘व्याप्तं गुहाशयैः क्रूरैः क्रव्याद्भिस्स निशाचरैः’ भ। का। ६-९४।]] [[३। ‘क्रव्ये च’ (३-२-६९) इति विट्।]], क्रव्या [[४। ‘वाऽसरूपो--’ (३-१-९४) इति न्याये- नाणपि।]] दः, प्रा [[C। ‘वालितो दूरभाग् रामः बाणं प्राणादमत्यजत्’ भ। का। ६। १२३।]] णात्, आमिषा [[ड्। ‘तव विदितविषादो दृष्टकृत्स्नामिषादः’ भ। का। १०-१७।]] दः;\n\n  [[५। ‘अदो जग्धिर्ल्यप् ति किति’ (२-४-३६) इति जग्ध्यादेशः।]] जग्धम्-ग्धः-ग्धवान्, [[६। ‘बहुलं तणि, अन्नवधक--’ (२-४-५४) इति वार्तिकात् प्रयोगोऽयमपि साधुः। ‘अन्नाण्णः’ (४-४-८५) इति निर्देशाच्च।]] अन्नम्-न्नवान्;\n\n  आदितम्-तः, जिघत्सितम्-तः-तवान्, [[७। ‘अच्युपसंख्यानम्-’ (वा। २-४-३७) इति घसॢ।]] घसः, अन्ना [[८। ‘सुप्यजातौ--’ (३-२-७८) इति णिनिः।]] दी, पुत्रादिनी, आदिवान्, जक्षि [[९। ‘लिट्यन्यतरस्याम्’ (२-४-४०) इति घसॢ विकल्पेन। ‘वस्वेकाज्--’ (७-२-६७) इति इट्।]] वान्, अद् [[१०। ‘सृघस्यदः क्मरच्’ (३-२-१६०) इति तच्छीलादिषु कर्तृषु क्मरच् प्रत्ययः।]] मरः, जिघत् [[E। ‘जिघत्सोः नूनमापादि ध्वंसोऽयं तां निशाचरात्’ भ-का ६-३१।]] सुः, अत्तव्यम्, आदयितव्यम्, जिघत्सितव्यम्;\n\n  अदनीयम्, आदनीयम्, जिघत्सनीयम्;\n\n  आद्यम्, आद्यम्, जिघत्स्यम्;\n\n  ईषददः-दुरदः-स्वदः;\n\n  अद्यमानः, आद्यमानः, जिघत्स्यमानः;\n\n  [[११। ‘घञपोश्च’ (२-४-३८) इति घसॢ।]] घासः, घसः, [[१२। ‘नौ ण च’ (३-३-६०) इति वा अप्।]] न्यादः [[F। ‘व्याप्नुवन्तो दिशोऽन्यादान् कुर्वन्तस्सव्यधान् हरीन्’ भ। का। ७-५६। अविद्यमानः न्यादः = आहारः येषां तान् इत्यर्थः।]], निघसः, आदः, [[ङ्। ‘आदरेण गमं चक्रुर्विषमेष्वप्यसंघसाः’ भ। का। ७-५६।]] संघसः [[१३। ‘उपसर्गेऽदः’ (३-३-५९) इत्यप्।]], प्रघसः, जिघत्सः;\n\n  [[१४। ‘तुमुन्ण्वुलौ क्रियायां क्रियार्थायाम्’ (३-३-१०) इति तुमुण्ण्वुलौ।]] अत्तुम्-आदको (वा याति), आदयितुम्, जिघत्सितुम्;\n\n  [पृष्ठम्००२१+ ३४] अदनम्, आदनम्, जिघत्सनम्;\n\n  जग्धिः, आदना, जिघत्सा, जिघत्सयिषा;\n\n  जग्ध्वा, आदयित्वा, जिघत्सित्वा;\n\n  प्रजग्ध्य, समाद्य, प्रजिघत्स्य, आदम् २, जग्ध्वा २, आदम् २, आदयित्वा २, जिघत्सम् २;\n\n  जिघत्सित्वा २ [[१। औणादिकः त्रिन् प्रत्ययः (द। उ। १। ३७।)। ॠषिः।]] अत्त्रिः, [[२। औणादिकः (द। उ। १-३४।) क्रिन् प्रत्ययः।]] अद्रिः;\n\n 
अदि	(२२) {@‘अदि बन्धने’@} (१-भ्वादिः-६२-सक। से। पर-) धातोरस्य पूर्वलिखितान्ततिवत् (२०) सर्वाणि रूपाणि बोध्यानि।
अन	(२३) {@“अन प्राणने”@} (२-अदादिः-१०७०-अक। से। पर।) प्रपूर्वकोऽयं प्रायेण। आनकः-निका, आनकः-निका, अनिनिषकः-षिका;\n\n  अनिता-त्री, आनयिता-त्री, अनिनिषिता-त्री;\n\n  अनन्-ती, [[३। ‘अनितेः’ (८-४-१९) इति णत्वम्।]] प्राणन् [[आ। ‘न जिजीवासुखी तातः प्राणता रहितस्त्वया’ भ। का। १४-५८।]], आनयन्-न्ती, प्राणयन् [[B। ‘प्राणयन्तमरिं प्रोचे राक्षसेन्द्रो विभीषणम्’ भ। का। ९-१०१।]] अनिनिषन्-न्ती;\n\n  प्राणिष्यन्-ती-न्ती, प्राणयिष्यन्-ती-न्ती, [[४। ‘उभौ साभ्यासस्य’ (८-४-२१) इति णत्वम्।]] प्राणिणिषिष्यन्-न्ती-ती;\n\n  प्राणयमानः, प्राणयिष्यमाणः;\n\n  हे [[५। ‘पदान्तस्य’ (८-४-३७) इति निषेधं बाधित्वा ‘अन्तः’ (८-४-२०) इति णत्वम्।]] प्राण्;\n\n  प्रा- [[६। क्विपि, ‘अनुनासिकस्य क्वि--’ (६-४-१५) इति दीर्घः। ‘नलो- पः प्रातिपदिकान्तस्य’ (८-२-७) इति नकारलोपः।]] प्राणौ-प्राणः;\n\n  प्राणितम्-तः-तवान्;\n\n  आनितम्-तः, अनिनिषितम्-तः-तवान्;\n\n  [पृष्ठम्००२२+ २८] प्राणः, प्राणः, अनिनिषुः, [[C। ‘प्राणिणिषुर्न पापोऽयं योऽभाङ्क्षीत् प्रमदावनम्।’ भ। का। ९-१०१।]] प्राणिणिषुः, आनिनयिषुः;\n\n  प्राणितव्यम्, प्राणयितव्यम्, प्राणिणिषितव्यम्;\n\n  प्राणनीयम्, आननीयम्, अनिनिषणीयम्;\n\n  प्राण्यम्, प्राण्यम्, प्राणिणिष्यम्;\n\n  ईषदनः-दुरनः-स्वनः;\n\n  अन्यमानः, आन्यमानः, अनिनिष्यमाणः;\n\n  प्राणः [[ड्। ‘उदश्वसन् प्राणमिवाप्य काश्चित् दृष्ट्वा सलीलं मृदु जक्षतं तम्’ धा। का। २-५१।]], अपानः, व्यानः, उदानः, समानः, प्राणः, अनिनिषः;\n\n  अनितुम्, आनयितुम्, अनिनिषितुम्;\n\n  आन्तिः [[१। ‘अनुनासिकस्य क्वि--’ (६-४-१५) इति दीर्घः।]], प्राणना, अनिनिषा, आनिनयिषा;\n\n  अननम्, प्राणनम्, आननम्, अनिनिषणम्;\n\n  अनित्वा, आनयित्वा, अनिनिषित्वा;\n\n  प्राण्य, प्राण्य, प्राणिणिष्य;\n\n  प्राणम् २, अनित्वा २, प्राणम् २, आनयित्वा २, अनिनिषम् २, अनिनिषित्वा २
अन्चु	(२४) {@“अन्चु गतिपूजनयोः”@} (१-भ्वादिः-१८८-स-पर। से।) ‘गतियाचनयोरञ्चत्यञ्चते, णौ विशेषणे। अञ्चयत्यञ्चतीत्येकं गतिपूजनयोरपि।।’ इति (श्लो ५०) देवः। अञ्चकः-ञ्चिका, अञ्चकः-ञ्चिका, अञ्चिचिषकः-षिका;\n\n  अञ्चिता-त्री, अञ्चयिता-त्री, अञ्चिचिषिता-त्री;\n\n  अञ्चन्-न्ती, अञ्चयन्-न्ती, अञ्चिचिषन्-न्ती;\n\n  अञ्चिष्यन्-ती-न्ती, अञ्चयिष्यन्-ती-न्ती, अञ्चिचिषिष्यन्-ती-न्ती;\n\n  अञ्चयमानः, अञ्चयिष्यमाणः;\n\n  [पृष्ठम्००२३+ ३९] [[१। ‘ऋत्विगू--’ (३-२-५९) इत्यादिना क्विन्। ‘अनिदितां--’ (६-४-२४) इति नलोपे, ‘उगिदचां--’ (७-१-७०) इति नुम्। नुमो नकारस्य, ‘क्विन्प्रत्य- यस्य कुः’ (८-२-६२) इति कुत्वम्।]] प्राङ्, उदङ्, देवद्र्यङ्, तिर्यङ्, अध् [[आ। ‘अध्यङ् शस्त्रभृतां रामः न्यञ्चस्तं प्राप्य मद्विधाः’ भ। ५-३६।]] यङ्, न्यङ् [[आ। ‘अध्यङ् शस्त्रभृतां रामः न्यञ्चस्तं प्राप्य मद्विधाः’ भ। ५-३६।]], सध्य्रङ्, सध्री [[B। ‘सीतां सौमित्रिणा त्यक्तां सध्रीचीं त्रस्नुमेकिकाम्’ भ। ६-७।]] ची;\n\n  अञ्चितम् [[२। ‘अञ्चेः पूजायाम्’ (७-२-५३) इतीट्। गतौ तु नलोपः।]] -तः [[C। ‘उच्चैरञ्चितलाङ्गूलः शिरोऽञ्चित्वेव संवहन्’ भ। ९-४०।]] -तवान्, अक्तम्-क्तः-क्तवान्, [[३। ‘अञ्चोऽनपादाने’ (८-२-४८) इति निष्ठानत्वम्। अपादाने तु ‘उदक्त- मुदकं कूपात्’ इति भवति। ‘उदितो वा’ (७-२-५६) इति क्त्वायां इड्विकल्पात् ‘यस्य विभाषा’ (७-२-१५) इतीण्णिषेधः।]] समक्नः-समक्नवान्, अञ्चितम्-तः-तवान्, अञ्चिचिषितम्-तः-तवान्;\n\n  अञ्चः, अञ्चः, अञ्चिचिषुः, अञ्चिचयिषुः;\n\n  अञ्चितव्यम्, अञ्चयितव्यम्, अञ्चिचिषितव्यम्;\n\n  अञ्चनीयम्, अञ्चनीयम्, अञ्चिचिषणीयम्;\n\n  अङ्क्यम्, [[४। गत्यर्थे निष्ठायामनिट्त्वात् कुत्वम्। पूजायां ‘अञ्चेः पूजायाम्’ (७-२-५३) इति सेट्त्वात् कुत्वाभावः। ‘चजोः कु घिण्ण्यतोः’ (७-३-५२) इति कुत्वम्।]] अञ्च्यम्, अञ्च्यम्, अञ्चिचिष्यम्;\n\n  ईषदञ्चः, दुरञ्चः, स्वञ्चः;\n\n  अञ्च् [[५। ‘नाञ्चेः पूजायाम्’ (६-४-३०) इति पूजायां नलोपनिषेधः। गतौ तु ‘अनिदिताम्--’ (६-४-२४) इति नलोपः।]] यमानः, अच्यमानः, अञ्च्यमानः, अञ्चिचिष्यमाणः;\n\n  अञ्चः, [[६। ‘उदङ्कोऽनुदके’ (३-३-१२३) इति घञन्तो निपातितः।]] उदङ्कः, [[ड्। ‘हृदयोदङ्कसंस्थानं कृतान्ताऽऽनायसन्निभम्’ भ। ७-८३।]] अङ्कः, अञ्चः, अञ्चिचिषः;\n\n  [पृष्ठम्००२४+ २१] अञ्चितुम्, अक्तुम्, अञ्चयितुम्, अञ्चिचिषितुम्;\n\n  अञ्चा, अञ्चना, अञ्चिचिषा, अञ्चिचयिषा;\n\n  अञ्चनम्, उदकोदञ्चनः, अञ्चनम्, अञ्चिचिषणम्;\n\n  अञ्चित्वा, अक्त्वा, अञ्चयित्वा, अञ्चिचिषित्वा;\n\n  समञ्च्य, समच्य, प्राञ्च्य, समञ्चिचिष्य;\n\n  अञ्चम् २, अञ्चित्वा २, अक्त्वा २, अञ्चम् २, अञ्चयित्वा २, अञ्चिचिषम् २;\n\n  अञ्चिचिषित्वा २
अन्चु	(२५) {@“अन्चु गतौ याचने च”@} (१-भ्वादिः-८६२। उभ। सक। से।) \n\n‘गतियाचनयोरञ्चत्यञ्चते, णौ विशेषणे। अञ्चयत्यञ्चतीत्येकं गतिपूजन- योरपि।।’ इति (श्लो ५०) देवः। शानचि-अञ्चमानः, अञ्चिष्यमाणः, अञ्चि- चिषमाणः, अञ्चिचिषिष्यमाणः, इत्यादिरूपाणि अधिकानि। अवशिष्टानि गतिपूजनार्थक (२४) धातौ गत्यर्थकधातुवत् ज्ञेयानि। ‘अचि’ इति पाठे तु निष्ठायां अञ्चितः इत्येकमेव रूपम्। ‘अनिदिताम्--’ (६-४-२४) इति नलोपो न भवति। “अचु” इति पाठे तु अचन्-अचन्ती इत्यादिरूपाणि। क्त्वायाम्, ‘उदितो वा’ (७-२-५६) इतीड्विकल्पः--अचित्वा-अक्त्वा इति रूपे। निष्ठायां तु ‘यस्य विभाषा’ (७-२-१५) इति वचनात् अक्तम्-इत्येकमेव रूपम्।
अन्चु	(२६) {@‘अन्चु विशेषणे’@} (१०-चुरादिः-१७३९। उभ। से।) \n\nविशेषणम् = व्यावर्तनम्। उदित्करणात् विभाषितो णिच्। ‘गति- याचनयोरञ्चत्यञ्चते णौ विशेषणे। अञ्चयत्यञ्चतीत्येकं गतिपूजनयोरपि।।’ इति (श्लो-५०) देवः। णिच्पक्षे गतिपूजनार्थकधातौ (२४) णिजन्तरूपाणीव, णिजभावपक्षे च भौवादिकगत्यर्थका (२४) ञ्चुधातुवद्रूपाणीति च ज्ञेयानि।। [पृष्ठम्००२५+ ३०]
अन्जू	(२७) {@“अन्जू व्यक्तिम्रक्षण(क्ष्ण)कान्तिगतिषु”@} (७-रुधादिः-१४५८-सक। वेट्-पर।) व्यक्तिः = प्रकटता। म्रक्षणं = घृतादिसेकः। व्यञ्जकः-ञ्जिका, व्यञ्जकः-अञ्जिका, अञ्जिजिष [[१। ‘स्मिपूङ्रञ्ज्त्रशां सनि’ (७-२-७४) इति नित्यमिट्।]] कः-षिका;\n\n  अञ्जिता-त्री, [[१आ ‘स्वरतिसूति--’ (७-२-४४) इति ऊदित्त्वादिड्विवकल्पः।]] व्यङ्क्ता-त्री, अञ्जयिता-त्री, अञ्जिजिषिता-त्री;\n\n  [[२। ‘रुधादिभ्यः’ (३-१-७८) इति श्नम्प्रत्यये ‘श्नान्नलोपे’ (६-४-२३) ‘श्नसोरल्लोपः’ (६-४-१११)।]] व्यञ्जन्-न्ती, व्यञ्जयन्-न्ती, अञ्जिजिषन्-न्ती;\n\n  व्यञ्जिष्यन्-न्ती, ती, व्यञ्जयिष्यन्-न्ती, ती, अञ्जिजिषिष्यन्-न्ती-ती;\n\n  व्यङ्क्ष्यन्-न्ती, ती, व्यञ्जयिष्यन्-न्ती, ती, अञ्जिजिषिष्यन्-न्ती-ती;\n\n  व्यञ्जयमानः, व्यञ्जयिष्यमाणः;\n\n  व्यन्-व्यञ्जौ-व्यञ्जः;\n\n  व्यक्तम्-क्तः-क्तवान्, व्यञ्जितम्, अञ्जिजिषितम्-तः-तवान्;\n\n  अञ्जः, अञ्जः, अञ्जिजिषुः, व्यञ्जिजिषुः [[आ। ‘संसिस्मयिषमाणोऽगात् मायां व्य- ञ्जिजिषुः द्विषः’ भ। का। ९-५३।]], अञ्जिजयिषुः;\n\n  व्यञ्जितव्यम्, अञ्जयितव्यम्, अञ्जिजिषितव्यम्;\n\n  अङ्क्तव्यम्, अञ्जयितव्यम्, अञ्जिजिषितव्यम्;\n\n  व्यञ्जनीयम्, व्यञ्जनीयम्, अञ्जिजिषणीयम्;\n\n  [[३। ‘चजोः कु घिण्ण्यतोः’ (७-३-५२) इति कुत्वम्।]] व्यङ्ग्यम्, व्यञ्ज्यम्, अञ्जिजिष्यम्;\n\n  [[४। ‘आङ्पूर्वादन्जेः संज्ञायामुपसंख्या- नम्।’ (वा ३-१-१०९) इति क्यपि रूपम्। उपधानकारलोपः।]] आज्यम्, व्यञ्ज्यम्, अञ्जिजिष्यम्;\n\n  ईषदञ्जः-दुरञ्जः-स्वञ्जः;\n\n  [[५। ‘अनिदिताम्--’ (६-४-२४) इति नलोपः।]] व्यज्यमानः, व्यञ्ज्यमानः, अञ्जिजिष्यमाणः;\n\n  अङ्गः, अञ्जः, अञ्जिजिषः;\n\n  [पृष्ठम्००२६+ २३] व्यञ्जितुम्, अञ्जयितुम्, अञ्जिजिषितुम्;\n\n  व्यङ्क्तुम्, अञ्जयितुम्, अञ्जिजिषितुम्;\n\n  व्यक्तिः, अञ्जना, व्यञ्जिजिषा, व्यञ्जिजयिषा;\n\n  व्यञ्जा, अञ्जना, व्यञ्जिजिषा, व्यञ्जिजयिषा;\n\n  व्यञ्जनम्, व्यञ्जनम्, अञ्जिजिषणम्;\n\n  अञ्जित्वा [[१। ‘जान्तनशां विभाषा’ (६-४-३२) इति वा उपधानकारलोपः।]] अक्त्वा अङ्क्त्वा अञ्जयित्वा, अञ्जिजिषित्वा;\n\n  अभिव्यज्य, अभिव्यञ्ज्य, समञ्जिजिष्य;\n\n  अञ्जम् २, अक्त्वा २, अञ्जित्वा २, अङ्क्त्वा २, अञ्जम् २, अञ्जयित्वा २, अञ्जिजिषम् २;\n\n  अञ्जिजिषित्वा २;\n\n  अञ्जलिः, [[२। औणादिक अलिच् प्रत्ययः।।]]
अन्ध	(२८) {@‘अन्ध दृष्ट्युपघाते’@} (१०-चुरादिः-१९२५। सक। सेट्-उभ-) ‘उपसंहारे’ इत्येके। अन्धकः-न्धिका, अन्दिधयिषकः-षिका;\n\n  अन्धयिता-त्री, अन्दिधयिषिता-त्री;\n\n  [[आ। ‘यो ह्यच्छिद्रित एव वीर्यशतकृत् तस्मिन् पतत्यन्धयन् पिष्टाङ्गस्स ममार दण्डितखलस्येशस्य पादाङ्कितः। कृष्णोऽप्यश्रुजलाङ्गितेऽति सुखयत्यामुच्य पुष्पोत्करं देवौघे हृतदुःखने रसयति व्याकर्षदेनं क्षितौ।।’ (धा। का। ३-६२)]] अन्धयन्-न्ती, अन्दिधयिषन्-न्ती;\n\n  अन्धयिष्यन्-न्ती-ती, अन्दिधयिषिष्यन्-न्ती-ती;\n\n  अन्धयमानः, अन्दिधयिषमाणः;\n\n  अन्धयिष्यमाणः, अन्दिधयिषिष्यमाणः;\n\n  अन्-अन्धौ-अन्धः;\n\n  [पृष्ठम्००२७+ २८] अन्धितम्-तः-तवान्, अन्दिधयिषितम्-तः-तवान्;\n\n  अन्धः, [[१। ‘पुंसाऽनुजो जनुषान्ध इति वक्तव्यम्’ (६-३-३-वा।) इति तृतीयायाः अलुक्।]] जनुषाऽन्धः, अन्दिधयिषुः;\n\n  अन्धयितव्यम्, अन्दिधयिषितव्यम्;\n\n  अन्धनीयम्, अन्दिधयिषणीयम्;\n\n  अन्ध्यम्, अन्दिधयिष्यम्;\n\n  ईषदन्धः-दुरन्धः-स्वन्धः;\n\n  अन्ध्यमानः, अन्दिधयिष्यमाणः;\n\n  अन्धः, अन्दिधयिषः;\n\n  अन्धयितुम्, अन्दिधयिषितुम्;\n\n  अन्धना, अन्दिधयिषा;\n\n  अन्धनम्, अन्दिधयिषणम्;\n\n  अन्धयित्वा, अन्दिधयिषित्वा;\n\n  समन्ध्य, समन्दिधयिष्य;\n\n  अन्धम् २, अन्धयित्वा २, अन्दिधयिषम् २;\n\n  अन्धिदयिषित्वा २;\n\n 
अबि	(२९) {@“अबि शब्दे”@} (१-भ्वादिः-३७८। अक-से-आ--) अम्बकः-म्बिका, अम्बकः-म्बिका, अम्बिबिषकः-षिका;\n\n  अम्बिता-त्री, अम्बयिता-त्री, अम्बिबिषिता-त्री;\n\n  अम्बयन्-न्ती, अम्बयिष्यन्-न्ती-ती, -- अम्बमानः, अम्बयमानः, अम्बिबिषमाणः;\n\n  अम्बिष्यमाणः, अम्बयिष्यमाणः, अम्बिबिषिष्यमाणः;\n\n  अन्-अम्बौ-अम्बः;\n\n  अम्बि [[आ। ‘सकम्पहेरम्बसमानलम्बनाः समाव्रजन् अम्बितघण्डिकास्तदा। प्रलम्बसा- स्नाः कबरत्विषो वृषाः अक्लीबिताः क्षीबतयाऽतिशीभराः।।’ धा। का। १-४९।]] तम्-तः-तवान्, अम्बितः, अम्बिबिषितम्-तः-तवान्;\n\n  अम्बः, अम्बः, अम्बिबिषुः, अम्बिबयिषुः;\n\n  अम्बितव्यम्, अम्बयितव्यम्, अम्बिबिषितव्यम्;\n\n  [पृष्ठम्००२८+ २६] अम्बनीयम्, अम्बनीयम्, अम्बिबिषणीयम्;\n\n  अम्ब्यम्, अम्ब्यम्, अम्बिबिष्यम्;\n\n  ईषदम्बः-दुरम्बः-स्वम्बः;\n\n  अम्ब्यमानः, अम्ब्यमानः, अम्बिबिष्यमाणः;\n\n  अम्बः, अम्बः, अम्बिबिषः;\n\n  अम्बितुम्, अम्बयितुम्, अम्बिबिषितुम्, अम्बा, अम्बना, अम्बिबिषा, अम्बिबयिषा;\n\n  अम्बनम्, अम्बनम्, अम्बिबिषणम्;\n\n  अम्बित्वा, अम्बयित्वा, अम्बिबिषित्वा;\n\n  समम्ब्य, समम्ब्य, समम्बिबिष्य;\n\n  अम्बम् २, अम्बित्वा २, अम्बम्, अम्बयित्वा २, अम्बिबिषम् २;\n\n  अम्बिबिषित्वा २;\n\n 
अभि	(३०) {@“अभि शब्दे”@} (१-भ्वादिः-३८५। अक। से। आ।) (२९) अम्बतिवद्रूपाणि सर्वाणि ज्ञेयानि।
अभ्र	(३१) {@“अभ्र गतौ”@} (१-भ्वादिः-५५६-सक। से। पर।) अभ्रकः-भ्रिका, अभ्रकः-भ्रिका, अबिभ्रिषकः-षिका;\n\n  अभ्रिता-त्री, अभ्रयिता-त्री, अबिभ्रिषिता-त्री;\n\n  अभ्रन्-न्ती, अभ्रयन्-न्ती, अबिभ्रिषन्-न्ती;\n\n  अभ्रिष्यन्-न्ती-ती, अभ्रयिष्यन्-न्ती-ती, अबिभ्रिषिष्यन्-न्ती-ती;\n\n  -- अभ्रयमाणः, अभ्रयिष्यमाणः;\n\n  अप्-अभ्रौ-अभ्रः;\n\n  -- -- अ [[आ। ‘अखोरधौरत्पतगेन्द्रवाहनं स्वसेविनां तित्सरिषां निराडिनम्। क्मरन् मनोदुर्गममभ्रमेचकं बभ्रद्वधूविभ्रमवृष्टिमभ्रितम्’ धा। का। १-७१।]] भ्रितम्-तः-तवान्, अभ्रितः, अबिभ्रिषितम्-तः-तवान्;\n\n  अभ्रः, पर्यभ्री [[१। ‘सुप्यजातौ णिनिस्ताच्छील्ये’ (३-२-७८।) इति ताच्छील्ये णिनिः।]], अभ्रः, अबिभ्रिषुः, अबिभ्रयिषुः;\n\n  अभ्रितव्यम्, अभ्रयितव्यम्, अबिभ्रिषितव्यम्;\n\n  [पृष्ठम्००२९+ २४] अभ्रणीयम्, अभ्रणीयम्, अबिभ्रिषणीयम्;\n\n  अभ्रयम्, अभ्र्यम्, अबिभ्रिष्यम्;\n\n  ईषदभ्रः, दुरभ्रः, स्वभ्रः;\n\n  अभ्र्यमाणः, अभ्र्यमाणः, अबिभ्रिष्यमाणः;\n\n  अभ्रः, अभ्रः, अबिभ्रिषः;\n\n  अभ्रितुम्, अभ्रयितुम्, अबिभ्रिषितुम्;\n\n  अभ्रा, अभ्रणा, अबिभ्रिषा, अबिभ्रयिषा;\n\n  अभ्रणम्, अभ्रणम्, अबिभ्रिषणम्;\n\n  अभ्रित्वा, अभ्रयित्वा, अबिभ्रिषित्वा;\n\n  समभ्र्य, समभ्र्य, समबिभ्रिष्य;\n\n  अभ्रम् २, अभ्रित्वा २, अभ्रम् २, अभ्रयित्वा २, अबिभ्रिषम् २;\n\n  अबिभ्रिषित्वा २;\n\n 
अम	(३२) {@‘अम गत्यादिषु’@} (१-भ्वादिः-४६५-सक-से-पर।) ‘गत्यादावमतीति स्याद् रोगे स्यादामयत्यमेः।’ (श्लो १४७, पूर्वार्धम्) इति देवः। [[१। ‘नोदात्तोपदेशस्य मान्तस्यानाचमेः’ (७-३-३४) इति वृद्धिनिषेधः।]] अमकः-मिका, आमक [[१। आ। अस्य धातोरमन्तत्वेन प्राप्तं मित्त्वे, ‘न कम्यमिचमाम्’ (ग। सू। भ्वादौ) इति निषिध्यते। अतः ‘मितां हस्वः’ (६-४-३२) इति ह्रस्वो न।]] ः-मिका, अमिमिषकः-षिका;\n\n  अमिता-त्री, आमयिता-त्री, अमिमिषिता-त्री;\n\n  अ [[आ। ‘वनाद्वनं सानुममन् द्रमन् गृहं व्याधोत्करोऽहम्मतिमीमिताशयः। चान्तामिष- श्छान्तजलः फलावलीं जान्त्वा झमज्झेमनमक्रमीद् गुहाम्।।’ धा। का। १-६०।]] मन्-न्ती, आमयन्-न्ती, अमिमिषन्-न्ती;\n\n  अमिष्यन्-न्ती-ती, आमयिष्यन्-न्ती-ती, अमिमिषिष्यन्-न्ती-ती;\n\n  आमयमानः, आमयिष्यमाणः;\n\n  [[२। ‘अनुनासिकस्य क्विझलोः क्ङिति’ (६-४-१५) इति दीर्घः। ‘मो नो धातोः’ (८-२-६४) इति नत्वम्।]] आन्-आमौ-आमः;\n\n  [पृष्ठम्००३०+ २७] अमितम् [[आ। ‘तेषां निहन्यमानानां संघुष्टैः कर्णमेदिभिः। अभूदभ्यमितत्रासमास्वान्ता- शेषदिग् जगत्।।’ भ। का। ९-२१।]] -तः-तवान्, [[१। ‘रुष्यमत्वरसंघुषाऽऽस्वनाम्’ (७-२-२८) इति निष्ठायामिड्विकल्पः। इड- भावपक्षे ‘अनुनासिकस्य--’ (६-४-१५) इति दीर्घः।]] आन्तम्-न्तः-न्तवान्, आमितः, अमिमिषितः-तवान्;\n\n  अमः, आमः, अमिमिषुः, आमिमयिषुः, अभ्य [[२। ‘जिदृक्षिविश्रीण्वमाव्यथाभ्यमपरिभूप्रसूभ्यश्च’ (३-२-१५७) इति तच्छीला- दिषु कर्तृषु इनिः।]] मी;\n\n  [[B। ‘शैले विश्रयिणं क्षिप्रं अनादरिणमभ्यमी। न्याय्यं परिभवी ब्रूहि पापमव्य- थिनं कपिम्।।’ भ। का। ७-२०।]] अमितव्यम्, आमयितव्यम्, अमिमिषितव्यम्;\n\n  अमनीयम्, आमनीयम्, अमिमिषणीयम्;\n\n  [[३। ‘पोरदुपधात्’ (३-१-९८) इति यत्।]] अम्यम्, आम्यम्, अमिमिष्यम्;\n\n  ईषदमः-दुरमः-स्वमः;\n\n  अम्यमानः, आम्यमानः, अमिमिष्यमाणः;\n\n  अमः, आमः, अमिमिषः;\n\n  अमितुम्, आमयितुम्, अमिमिषितुम्;\n\n  [[४। ‘तितुत्रे--’ (७-२-९) तीण्णिषेधः। ‘अनुनासिकस्य--’ (६-४-१५) इति दीर्घः।]] आन्तिः, आमना, अमिमिषा, आमिमयिषा;\n\n  अमनम्, आमनम्, अमिमिषणम्;\n\n  अमित्वा, आमयित्वा, अमिमिषित्वा;\n\n  समम्य, समाम्य, सममिमिष्य;\n\n  आमम् २, अमित्वा २, आमम् २, आमयित्वा २, अमिमिषम् २;\n\n  अमिमिषित्वा २;\n\n 
अम	(३३) {@‘अम रोगे’@} (१०-चुरादिः १७२१-सक। से। उ।) ‘गत्यादावमतीति स्याद् रोगे स्यादामयत्यमेः।’ (श्लो १४७ पूर्वार्धम्।) इति देवः। आमकः-मिका, आमिमयिषकः-षिका;\n\n  [पृष्ठम्००३१+ २६] [[१। अमन्तत्वेन मित्त्वं तु न। ‘नान्ये मितोऽहेतौ’ (ग। सू। चुरादौ) इति निषेधात्। स्वार्थे णिचि परतः ज्ञपादिपञ्चकव्यतिरिक्ताः मितो न भवन्तीति तदर्थः।]] आमयिता-त्री, [[(आ) अस्य धातोश्चुरादिपाठात् शुद्धधातोरेव रूपाणि। अजादित्वात् यङ् न।]] आमिमयिषिता-त्री;\n\n  [[B ‘द्रागामयन् विचटदस्थिकयाऽथ मुष्ट्या प्रास्फोटयत् तमजितोऽपि स घाटि- ताङ्गम्। दिष्ट्यैष हिंसयति देव्यममुं युधीति संमोदमर्जयति घोषति नाकिलोके।।’ धा। का। ३--३९।]] आमयन्-न्ती, आमिमयिषन्-न्ती;\n\n  आमयिष्यन्-न्ती-ती, आमिमयिषिष्यन्-न्ती-ती;\n\n  आमयमानः, आमिमयिषमाणः;\n\n  आमयिष्यमाणः, आमिमयिषिष्यमाणः;\n\n  [[२। ‘मो नो धातोः’ (८-२-६४) इति नत्वम्। न चात्र स्थानिवद्भावः--‘पूर्वत्रा- सिद्धे--’ (वा। १-१-५८) इति तन्निषेधात्।]] आन्-आमौ-आमः;\n\n  -- आमितम्-तः-तवान्, आमिमयिषितम्-तः-तवान्, आमः, आमयः, [[३। औणादिकः अयच्। रोगः।]] आमिमयिषुः;\n\n  आमयितव्यम्, आमिमयिषितव्यम्;\n\n  आमनीयम्, आमिमयिषणीयम्;\n\n  आम्यम्, आमिमयिष्यम्;\n\n  ईषदामः, दुरामः, स्वामः;\n\n  आम्यमानः, आमिमयिष्यमाणः;\n\n  आमः, आमिमयिषः, आमयितुम्, आमिमयिषितुम्;\n\n  आमना, आमिमयिषा;\n\n  आमनम्, आमिमयिषणम्;\n\n  आमयित्वा, आमिमयिषित्वा;\n\n  समाम्य, समामिमयिष्य;\n\n  आमम् २, आमयित्वा २, आमिमयिषम् २;\n\n  आमिमयिषित्वा २;\n\n  [पृष्ठम्००३२+ २६]
अय	(३४) {@“अय गतौ”@} (१-भ्वादिः-४७४। सक। से। आ।) आयकः-यिका, आयकः-यिका, अयियिषकः-षिका;\n\n  अयिता-त्री, आययिता-त्री, अयियिषिता-त्री;\n\n  -- आययन्-न्ती, आययिष्यन्-न्ती-ती;\n\n  प्लायमानः, [[१। ‘उपसर्गस्यायतौ’ (८-२-१९) इति लत्वम्।]] पलायमानः, अयमानः, आययमानः, अयियिषमाणः;\n\n  [[२। वलि लोपे तुक्।]] अत्, अतौ, अतः;\n\n  अयितम्-तः-तवान्, आयितम्-तः, अयियिषितम्-तः-तवान्;\n\n  अयः, आयः, अयियिषुः, आयिययिषुः;\n\n  अयितव्यम्, आययितव्यम्, अयियिषितव्यम्;\n\n  अयनीयम्, आयनीयम्, अयियिषणीयम्;\n\n  आय्यम्, आय्यम्, अयियिष्यम्;\n\n  ईषदयः, दुरयः, स्वयः;\n\n  अय्यमानः, आय्यमानः, अयियिष्यमाणः;\n\n  आयः, आयः, अयियिषः;\n\n  अयितुम्, आययितुम्, अयियिषितुम्;\n\n  [[३। वलि लोपः।]] अतिः, आयना, अयियिषा, आयिययिषा;\n\n  अयनम्, [[१। ‘उपसर्गस्यायतौ’ (८-२-१९) इति लत्वम्।]] प्लायनम्-दुलयनम्, पलायनम्, आयनम्, अयियिषणम्;\n\n  शोभनं अन्त [[४। ‘अयनं च’ (८-४-२५) इति णत्वम्।]] रयणं, (देशादन्यत्र) अन्तरयनः-देशः, अयित्वा, आययित्वा, अयियिषित्वा;\n\n  समय्य, समाय्य, समयियिष्य;\n\n  आयम् २, अयित्वा २, आयम् २, आययित्वा २, अयियिषम् २;\n\n  अयियिषित्वा २;\n\n  [पृष्ठम्००३३+ ३४]
अर्क	(३५) {@“अर्क स्तवने”@} (१०-चुरादिः-१६४४। सक। सेट्। उभ।) ‘तपने’ इत्येके। अर्ककः-र्किका, अर्चि [[१। ‘न न्द्राः संयोगादयः’ (६-१-३) इति रेफस्य द्वित्वनिषेधः।]] कयिषकः-षिका;\n\n  अर्कयिता-त्री, अर्चिकयिषिता-त्री;\n\n  अर्कयन्-न्ती, अर्चिकयिषन्-न्ती;\n\n  अर्कयिष्यन्-न्ती-ती, अर्चिकयिषिष्यन्-न्ती-ती;\n\n  अर्कयमाणः, अर्चिकयिषमाणः;\n\n  अर्कयिष्यमाणः, अर्चिकयिषिष्यमाणः;\n\n  [[२। ‘रात्सस्य’ (८-२-२४) इति नियमात् ककारस्य संयोगान्तलोपो न।]] अर्क्-अर्कौ-अर्कः;\n\n  अर्कित [[३। ‘निष्ठायां सेटि’ (६-४-५२) इति णेर्लोपः।]]ः- तम्-तवान्, अर्चिकयिषितम्-तः-तवान्;\n\n  अर्कः, अर्चिकयिषुः;\n\n  अर्कयितव्यम्, अर्चिकयिषितव्यम्;\n\n  अर्कणीयम्, अर्चिकयिषणीयम्;\n\n  अर्क्य [[आ। ‘सौधे विटङ्कजुषि पश्यति धूसितो- ऽयं राजारिकीटबलचूर्णनयातिपूज्यः। अर्क्येण तेन समरेष्वविशोठितस्त्वं संशुण्ठिताहितमदेन विजोडितोऽसि।।’ धा। का। ३-२७।]]म्, अर्चिकयिष्यम्;\n\n  ईषदर्कः, दुरर्कः, स्वर्कः;\n\n  अर्क्यमाणः, अर्चिकयिष्यमाणः;\n\n  अर्कः, अर्चिकयिषः;\n\n  अर्कयितुम्, अर्चिकयिषितुम्;\n\n  अर्कणा [[४। ‘ण्यासश्रन्थो युच्’ (३-३-१०७) इति युच्।]], अर्चिकयिषा;\n\n  अर्कणम्, अर्चिकयिषणम्;\n\n  अर्कयित्वा, अर्चिकयिषित्वा;\n\n  समर्क्य, समर्चिकयिष्य;\n\n  अर्कम् २, अर्कयित्वा २, अर्चिकयिषम् २;\n\n  अर्चिकयिषित्वा २;\n\n  [पृष्ठम्००३४+ ३९]
अर्च	(३६) {@“अर्च पूजायाम्”@} (१-भ्वादिः-२०४-सक। से। पर।) ‘पूजायां णौ विभाषाऽर्चेरर्चयत्यर्चतेऽर्चति। भूवादौ पाठ- सामर्थ्यात् कर्तृगामिफलेऽर्चति।।’ (श्लो-४९।) इति देवः। अर्चकः-र्चिका, अर्चकः-र्चिका, [[१। ‘न न्द्राः संयोगादयः’ (६-१-३) इति रेफस्य द्वित्वनिषेधः।]] अर्चिचिषकः-षिका;\n\n  अर्चिता-त्री, अर्चयिता-त्री, अर्चिचिषिता-त्री;\n\n  अर्चन्-न्ती, अर्चयन्-न्ती, अर्चिचिषन्-न्ती;\n\n  अर्चिष्यन्-न्ती-ती, अर्चयिष्यन्-न्ती-ती, अर्चिचिषिष्यन्-न्ती-ती;\n\n  -- अर्चयमानः, अर्चयिष्यमाणः;\n\n  अ [[१। आ। ‘रात्सस्य’ (८-२-२४) इति निय- मात् चकारस्य लोपो न।]] र्क्-अर्चौ-अर्चः;\n\n  -- -- अर्चितम्- [[आ। ‘सुरार्चिते म्लेच्छजनैर्दुरासदे श्री- लाञ्छिताङ्गे स्मितपुष्पलाञ्छिते’ धा। का। १-२८।]] तः- [[२। ‘मतिबुद्धिपूजार्थेभ्यश्च’ (३-२-१८८) इति वर्तमाने क्तः। राज्ञामर्चितः ‘क्तस्य च वर्तमाने’ (२-३-६७) इति षष्ठी।]] तवान्, अर्चितः, अर्चिचिषितम्-तः-तवान्;\n\n  अर्चः, अर्चः, अर्चिचिषुः, अर्चिचयिषुः;\n\n  अर्चितव्यम्, अर्चयितव्यम्, अर्चिचिषितव्यम्;\n\n  अर्चनीयम्, अर्चनीयम्, अर्चिचिषणीयम्;\n\n  [[३। निष्ठायां सेट्त्वात् ‘चजोः’ -(७-३-५२) इति कुत्वं न।]] अर्च्यम् [[B। “अथार्ध्यं मधुपर्काद्यमुपनीयाऽऽ- दरादसौ। अर्चयित्वा फलैरर्च्यौ सर्वत्राख्यदनामयम्” भ। का। ६-७१।]], अर्च्यम्, अर्चिचिष्यम्;\n\n  ईषदर्चः-दुरर्चः-स्वर्चः;\n\n  -- -- अर्च्यमानः, अर्च्यमानः, अर्चिचिष्यमाणः;\n\n  अर्चः, अर्चः, अर्चिचिषः;\n\n  अर्चितुम्, अर्चयितुम्, अर्चिचिषितुम्;\n\n  अर्चा, अर्चना, अर्चिचिषा, अर्चिचयिषा;\n\n  अर्चनम्, अर्चनम्, अर्चिचिषणम्;\n\n  अर्चित्वा, अर्चयि [[B। “अथार्ध्यं मधुपर्काद्यमुपनीयाऽऽ- दरादसौ। अर्चयित्वा फलैरर्च्यौ सर्वत्राख्यदनामयम्” भ। का। ६-७१।]] त्वा, अर्चिचिषित्वा;\n\n  [पृष्ठम्००३५+ २६] समर्च्य, समर्च्य, समर्चिचिष्य;\n\n  अर्चम् २, अर्चित्वा २, अर्चम् २, अर्चयित्वा २, अर्चिचिषम् २;\n\n  अर्चिचिषित्वा २;\n\n  [[१। औणादिकः कः प्रत्ययः। अर्च्यते, अर्चयन्ति वा तं इति व्युत्पत्तिः-- (द। उ। ३-१८) भास्करो पुष्पजा- तिश्च।]] अर्क्कः;\n\n 
अर्च	(३७) {@‘अर्च पूजायाम्’@} (१०-चुरादिः-१८०९। से। उ। ^आ आधृषीयः।) \n\n‘पूजायां णौ विभाषाऽर्चेरर्चयत्यर्चतेऽर्चति। भूवादौ पाठसामर्थ्यात् कर्तृगामिफलेऽर्चति।।’ (श्लो। ४९।) इति देवः। \n\naर्चकः-र्चिका इत्यादिकानां ण्यन्ताण्यन्तसाधारण्येन लिखितत्वात् पूर्वोक्त (३६) पूजार्थकार्चतिवद्रूपाणि ज्ञेयानि। ण्यन्तात् सनि तु अर्चिचयिषकः-षिका, अर्चिचयिष्यम्;\n\n  अर्चिचयिषिता-त्री, अर्चिचयिष्यमाणः;\n\n  अर्चिचयिषन्-न्ती, अर्चिचयिषः;\n\n  अर्चिचयिषिष्यन्-न्ती-ती, अर्चिचयिषितुम्;\n\n  अर्चिचयिषमाणः, अर्चिचयिषा;\n\n  अर्चिचयिषिष्यमाणः, अर्चिचयिषणम्;\n\n  अर्चिचयिषितम्-तः-तवान्, अर्चिचयिषित्वा, समर्चिचयिष्य;\n\n  अर्चिचयिषुः, अर्चिचयिषम् २, अर्चिचयिषितव्यम्;\n\n  अर्चिचयिषित्वा २, अर्चिचयिषणीयम्;\n\n  इमानि रूपाणि--इति विशेषः। \n\n^आ। ‘आधृषाद्वा’ (ग। सू।) इति णिचो वैकल्पिकत्वम्। ‘शेषात् कर्तरि परस्मैपदम्’ (१-३-७८) इति णिजभावपक्षे परस्मैपदी। शाकटायनस्तु अनुदात्तेत्त्वमस्य धातोरङ्गीकृत्यात्मनेपदित्वं ब्रूते। तत्पक्षे शानचि ‘अर्चमानः’ इति रूपम्। [पृष्ठम्००३६+ २६]
अर्ज	(३८) {@‘अर्ज अर्जने’@} (१-भ्वादिः-२२४-सक। सेट्। पर।) \n\nपूजार्थक-भौवादिकार्चति (३६) वद्रूपाणि सर्वाण्यप्यस्य ज्ञेयानि।
अर्ज	(३९) {@‘अर्ज प्रतियन्ते’@} (१०-चुरादिः-१७२६-सक। से। उभ।) \n\n‘प्रतियत्नेऽर्जयेदर्जेरर्जतीत्यर्जने पदम्’ इति (६३) देवः। प्रतियत्नः = गुणाधानमिति कौमुदी। अर्जकः-र्जिका, अर्जिजयिषकः-षिका;\n\n  अर्जयिता-त्री, अर्जिजयिषिता-त्री;\n\n  अर्जयन्-न्ती, अर्जिजयिषन्-न्ती, अर्जयिष्यन्-न्ती-ती, अर्जिजयिषिष्यन्-न्ती-ती;\n\n  अर्जयमानः, अर्जिजयिषमाणः;\n\n  अर्जयिष्यमाणः, अर्जिजयिषिष्यमाणः;\n\n  अर्जितम्, तः, अर्जिजयिषितम्-तः-तवान्;\n\n  अर्जः, अर्जिजयिषुः;\n\n  अर्जयितव्यम्, अर्जिजयिषितव्यम्;\n\n  अर्जनीयम्, अर्जिजयिषणीयम्;\n\n  अर्ज्यम्, अर्जिजयिष्यम्;\n\n  ईषदर्जः-दुरर्जः-स्वर्जः;\n\n  अर्ज्यमानः, अर्जिजयिष्यमाणः;\n\n  अर्जः, अर्जिजयिषः;\n\n  अर्जयितुम्, अर्जिजयिषितुम्;\n\n  अर्जना, अर्जिजयिषा;\n\n  अर्जनम्, अर्जिजयिषणम्;\n\n  अर्जयित्वा, अर्जिजयिषित्वा;\n\n  समर्ज्य, समर्जिजयिष्य;\n\n  अर्जम् २, अर्जयित्वा २, अर्जिजिषम् २;\n\n  अर्जिजयिषित्वा २;\n\n  [[१। औणादिकः उनन् प्रत्ययो णिलुक् च। वृक्षः पार्थश्च।]] अर्जुनः;\n\n  [पृष्ठम्००३७+ ३५]
अर्थ	(४०) {@‘अर्थ उपयाच्ञ्नायाम्’@} (१०-चुरादिः-१९०५-सक। सेट्- आत्मने-आ [[१। ‘आगर्वादात्मनेपदिनः’, इति ग। सू। चुरादौ। तेन ण्यन्ताच्छानजेव। “प्रार्थ- यन्ति शयनोत्थितं प्रियाः’ ‘इत्यादि तु कृदन्तात् ‘तत्करोति--’ इति णिचि नेयम्” इति मा धा। वृत्तौ।।]] गर्वीयः। अदन्तः) अर्थकः-र्थिका, अर्तिथयिषकः-षिका;\n\n  अर्थयिता-त्री, अर्तिथयिषिता-त्री;\n\n  अर्थ [[१। ‘आगर्वादात्मनेपदिनः’, इति ग। सू। चुरादौ। तेन ण्यन्ताच्छानजेव। “प्रार्थ- यन्ति शयनोत्थितं प्रियाः’ ‘इत्यादि तु कृदन्तात् ‘तत्करोति--’ इति णिचि नेयम्” इति मा धा। वृत्तौ।।]] यमानः, अर्तिथयिषमाणः;\n\n  अर्थयिष्यमाणः, अर्तिथयिषिष्यमाणः;\n\n  अर्थ् [[२। ‘रात् सस्य’ (८-२-२४) इति नियमात् संयोगान्तलोपो न।]] -अर्थौ-अर्थः;\n\n  -- अर्थितम् [[आ। ‘तच्चाकर्ण्य सरोषमुत्पदयते स्मोत्तुङ्गमञ्चं हरिः प्रोत्तिष्ठन्नसिचर्मणी गृहितवान् कंसोऽपि मृग्योऽसताम्। द्रष्टॄणां कुहकोऽथ शूरयितृभिः स्तुत्योऽसिना वीरयां-- चक्रे स्थूलितभीतिरर्थितवधास्सत्राशनैर्गर्वितैः’ (धा। का। ३-५८।)]] -तः-तवान्, अर्तिथयिषितम्-तः-तवान्;\n\n  अर्थः, विद्या [[३। ‘सुप्यजातौ णिनिस्ताच्छील्ये’ (३-२-७८) इति णिनिः।]]र्थी, अर्तिथयिषुः;\n\n  अर्थयितव्यम्, अर्तिथयिषितव्यम्;\n\n  अर्थनीयम्, अर्तिथयिषणीयम्;\n\n  अर्थ्यम्, अर्तिथयिष्यम्, ईषदर्थः, दुरर्थः, स्वर्थः;\n\n  -- अर्थ्यमानः, अर्तिथयिष्यमाणः;\n\n  अर्थः;\n\n  अर्तिथयिषः;\n\n  अर्थयितुम्, अर्तिथयिषितुम्;\n\n  अर्थना, अभ्यर्थना, अर्तिथयिषा;\n\n  अर्थनम्, अर्तिथयिषणम्;\n\n  अर्थयित्वा, अर्तिथयिषित्वा;\n\n  समर्थ्य, अभ्यर्थ्य, [[B। ‘न जिह्रियाञ्चकाराथ सीतामभ्यर्थ्य तर्जितः। नाप्यूर्जां बिभरामास वैदेह्यां प्रसितो भृशम्।।’ भ। का। ६। ३।]] समर्तिथयिष्य;\n\n  अर्थम् २, अर्थयित्वा २, अर्तिथयिषम् २, अर्तिथयिषित्वा २;\n\n  [पृष्ठम्००३८+ २८]
अर्द	(४१) {@‘अर्द गतौ याचने च’@} (१-भ्वादिः-५५-सक। से। पर।) ‘अर्दयेदर्दतेऽर्देर्द्यौ हिंसनेऽर्दति याचने।’ (१०३) इति देवः। शाक- टायनस्तु अनुदात्तेतमिमं धातुं मन्यते। ‘यातने च इत्येके’ -इति क्षीरस्वामी। याचने द्विकर्मकः। अर्दकः-र्दिका, अर्दकः-र्दिका, अर्दिदिष [[१। ‘न न्द्राः संयोगादयः’ (६-१-३।) इति रेफस्य द्वित्वनिषेधः।]] कः-षिका;\n\n  अर्दिता-त्री, अर्दयिता-त्री, अर्दिदिषिता-त्री;\n\n  अर्दन्-न्ती, अर्दयन्-न्ती, अर्दिदिषन्-न्ती;\n\n  अर्दिष्यन्-न्ती-ती, अर्दयिष्यन्-न्ती-ती, अर्दिदिषिष्यन्-ती-न्ती;\n\n  -- अर्दयमानः, अर्दयिष्यमाणः;\n\n  अर्त्-अर्द्-अर्दौ-अर्दः;\n\n  -- -- समर्ण [[१। आ। ‘अर्देस्संनिविभ्यः’ (७-२-२४) इति इण्णिषेधः। ‘रदाभ्यां निष्ठातो नः--’ (८-२-४२) इति नत्वे, णत्वे च रूपम्।]] ः, न्यर्णः, व्य [[B। ‘अव्यर्णो गिरिकूटाभान् अभ्यर्णानार्दिदद् द्रुतम्। वृत्तशस्त्रान् महारम्भान् अदान्तांस्त्रिदशैरपि।।’ (भ। का। ९-१९।)]]र्णः, अभ् [[२। ‘अभेश्चाविदूर्ये’ (७-२-२५) इति इण्णिषेधः।]]यर्णः-अभ्यर्दितः (विदूरे) [[आ। ‘पलान्यखाद्यानि खदन् बदद्वपुर्गदन्नवाच्यानि रदन् सतां मनः। नदन् मदादर्दित- संक्षयोऽधुना क्षणं खलो नर्दतु गर्दभस्वनैः’ धा। का। १-८।]] अर्दितम्-तः-तवान्, अर्दितः, अर्दिदिषितम्-तः-तवान्;\n\n  अर्दः, जना [[३। ‘नन्दिग्रहिपचादिभ्यो--’ (३-१-१३४) इति नन्द्यादित्वात् कर्तरि ल्युः।]] र्दनः, अर्दः, अर्दिदिषुः, अर्दिदयिषुः;\n\n  अर्दितव्यम्, अर्दयितव्यम्, अर्दिदिषितव्यम्;\n\n  अर्दनीयम्, अर्दनीयम्, अर्दिदिषणीयम्;\n\n  अर्द्यम्, अर्द्यम्, अर्दिदिष्यम्;\n\n  ईषदर्दः-दुरर्दः-स्वर्दः;\n\n  -- -- अर्द्यमानः, अर्द्यमानः, अर्दिदिष्यमाणः;\n\n  अर्दः, अर्दः, अर्दिदिषः;\n\n  अर्दितुम्;\n\n  अर्दयितुम्, अर्दिदिषितुम्;\n\n  [पृष्ठम्००३९+ २८] अर्दा, अर्दना, अर्दिदिषा, अर्दिदयिषा;\n\n  अर्दित्वा, अर्दयित्वा, अर्दिदिषित्वा;\n\n  समर्द्य, समर्द्य, समर्दिदिष्य;\n\n  अर्दम् २, अर्दित्वा २, अर्दम् २, अर्दयित्वा २, अर्दिदिषम् २;\n\n  अर्दिदिषित्वा २;\n\n 
अर्द	(४१ आ) {@‘अर्द हिंसायाम्’@} (१०-चुरादिः-१८२९। सक। सेट्। उभ।) आधृषीयः। ‘अर्दयेदर्दतेऽर्देद्यौ हिंसनेऽर्दति याचने’ (१०३) इति देवः। शाकटायनपक्षे आत्मनेपदी। अर्दकः-र्दिका, अर्दिदयिषकः-षिका, अर्दकः-र्दिका;\n\n  [[१। णिजभावपक्षे शुद्धाद्धातोस्सनि रूपाणि पूर्वलिखिता (४१) र्दतिवत् ज्ञेयानि।]] अर्दयिता-त्री, अर्दिदयिषिता-त्री, अर्दिता-त्री;\n\n  अर्दयन्-न्ती, अर्दिदयिषन्-न्ती, अर्दन्-न्ती;\n\n  अर्दयिष्यन्-न्ती-ती, अर्दिदयिषिष्यन्-न्ती-ती, अर्दिष्यन्-न्ती-ती;\n\n  अर्दयमानः, अर्दिदयिषमाणः, [[२। शाकटायनमते णिजभावपक्षेऽनुदात्तेत्त्वात् शानज् भवति।]] अर्दमानः;\n\n  अर्दयिष्यमाणः, अर्दिदयिषिष्यमाणः, अर्दिष्यमाणः;\n\n  अर्त् [[२। आ। ‘वाऽवसाने’ (८-४-५६) इति चर्त्वविकल्पः। ‘रात् सस्य’ (८-२-२४) इति नियमात् संयोगान्तलोपो न।]] -अर्द्-अर्दौ-अर्दः;\n\n  -- -- अर्दितम्-तः, अर्दिदयिषितः, [[३। णिजभावपक्षे ‘अर्देस्संनिविभ्यः’ (७-२-२४) इतीण्णिषेधे, ‘रदाभ्यां--’ (८-२-४२) इति निष्ठानत्वे णत्वम्।]] समर्णः-न्यर्णः-व्यर्णः- [[४। ‘अभेश्चाविदूर्ये’ (७-२-२५) इति निष्ठायामिण्णिषेधः। विदूरे तु ‘अभ्यर्दित’ इत्येव।]] अभ्यर्णः, अभ्यर्दितः;\n\n  तवान्;\n\n  अर्दः, अर्दिदयिषुः, अर्दः, [[५। णिजभावपक्षे नन्द्यादित्वात् (३-१-१३४) कर्तरि ल्युः।]] जनार्दनः, अर्दिदिषुः, [[६। ‘सुप्यजातौ--’ (३-२-७८) इति णिनिः ताच्छील्ये।]] समर्दी;\n\n  अर्दयितव्यम्, अर्दिदयिषितव्यम्, अर्दितव्यम्;\n\n  अर्दनीयम्, अर्दिदयिषणीयम्, अर्दनीयम्;\n\n  [पृष्ठम्००४०+ २७] [[आ। ‘कृष्णोऽविश्रथितारिभीरभिमयन् दोष्णा ग्रथन् भ्रामयन् क्राथ्यं प्रोथितवान् अशीकितमतिं भूमावचीकन्नमुम्। मल्लोऽर्द्यः स च हिंसितः पदमुपासात्सीद्धरेः शुन्धितः तावत् स्वं बलमच्छदं जुषितवान् मुष्ट्या हली मुष्टिकम्।।’ धा। का। ३-५०]] अर्द्यम्, अर्दिदयिष्यम्, अर्द्यम्;\n\n  ईषदर्दः, दुरर्दः, स्वर्दः;\n\n  अर्द्यमानः, अर्दिदयिष्यमाणः, अर्द्यमानः;\n\n  अर्दः, अर्दिदयिषः, अर्दः;\n\n  अर्दयितुम्, अर्दिदयिषितुम्, अर्दितुम्;\n\n  अर्दना, अर्दिदयिषा, अर्दा;\n\n  अर्दयित्वा, अर्दिदयिषित्वा, अर्दित्वा;\n\n  समर्द्य, समर्दिदयिष्य, समर्द्य;\n\n  अर्दम् २, अर्दयित्वा २, अर्दिदयिषम् २, अर्दिदयिषित्वा २, अर्दम् २;\n\n  अर्दित्वा २;\n\n 
अर्ब	(४२) {@‘अर्ब गतौ’@} (१-भ्वादिः ४१५-सक। से। पर।) अर्बकः-र्बिका, अर्बकः-र्बिका, [[१। ‘न न्द्राः--’ (६-१-३) इति रेफस्य द्वित्वनिषेधः।]] अर्बिबिषकः-षिका;\n\n  अर्बिता-त्री, अर्बयिता-त्री, अर्बिबिषिता-त्री;\n\n  [[B। ‘हयैस्सुरम्फैर्द्रुतमर्बतो रवेः पर्बद्भिरालर्ब्यत रक्तिमा करैः। प्रबर्ब्य शैलानुपमर्ब्य पद्मिनीं प्रकर्ब्य चाशाः श्रमशोणितैरिव।। धा। का। १-५४।’]] अर्बन्-न्ती, अर्बयन्-न्ती, अर्बिबिषन्-न्ती;\n\n  अर्बिष्यन्-न्ती-ती, अर्बयिष्यन् न्ती-ती, अर्बिबिषिष्यन्-न्ती-ती;\n\n  -- अर्बयमाणः, अर्बयिष्यमाणः;\n\n  अर्प्-अर्ब्-अर्बौ-अर्बः;\n\n  अर्बितम्-तः-तवान्, अर्बितः अर्बिबिषितम्-तः-तवान्;\n\n  अर्बः, अर्बः, अर्बिबिषुः, अर्बिबयिषुः;\n\n  अर्बितव्यम्, अर्बयितव्यम्, अर्बिबिषितव्यम्;\n\n  अर्बणीयम्, अर्बणीयम्, अर्बिबिषणीयम्;\n\n  अर्ब्यम्, अर्ब्यम्, अर्बिबिष्यम्;\n\n  ईषदर्बः-दुरर्बः-स्वर्बः;\n\n  -- -- [पृष्ठम्००४१+ २६] अर्ब्यमाणः, अर्ब्यमाणः, अर्बिबिष्यमाणः;\n\n  अर्बः, अर्बः, अर्बिबिषः;\n\n  अर्बितुम्, अर्बयितुम्, अर्बिबिषितुम्;\n\n  [[१। ‘गुरोश्च हलः’ (३-३-१०३) इति स्त्रियां अकारप्रत्ययः भावादौ।]] अर्बा, अर्बणा, अर्बिबिषा, अर्बिबयिषा;\n\n  अर्बणम्, अर्बणम्, अर्बिबिषणम्;\n\n  अर्बित्वा, अर्बयित्वा, अर्बिबिषित्वा;\n\n  समर्ब्य, समर्ब्य, समर्बिबिष्य;\n\n  अर्बम् २, अर्बित्वा २, अर्बम् २, अर्बयित्वा २, अर्बिबिषम् २;\n\n  अर्बिबिषित्वा २।
अर्व	(४३) {@“अर्व हिंसायाम्”@} (१-भ्वादिः-५८४। सक। सेट्। पर।) अर्वक^आः-र्विका, अर्विविषकः-षिका, इत्यादिकानि (४२) अर्बतिवद्रूपाणि सर्वाणि ज्ञेयानि। ^आ ‘अफर्विताकाङ्क्षितमर्वकं सतां मांसादिसञ्चर्वकदुष्टभर्वकम्। कर्वद्वधूकेलिरसेन खर्वितं गर्वार्वकं शर्वपरेण सर्वताम्।।’ धा। का। १-७४
अर्ह	(४४) {@“अर्ह पूजाजाम्”@} (१-भ्वादिः-७४०-सक। से। पर।) ‘--पूजनेऽर्हति चार्हयेत्।’ (१९७) इति देवः। अर्हकः-र्हिका, अर्हकः-र्हिका, [[२। ‘नन्द्राः--’ (६-१-३) इति रेफस्य द्वित्वनिषेधे ‘कुहोश्चुः’ (७-४-६२) इति चुत्वम्।]] अर्जिहिषकः-षिका;\n\n  अर्हिता-त्री, अर्हयिता-त्री, अर्जिहिषिता-त्री;\n\n  अर्हन्-न्ती, अर्हयन्-न्ती, अर्जिहिषन्-न्ती;\n\n  अर्हिष्यन्-न्ती-ती, अर्हयिष्यन्-न्ती-ती, अर्जिहिषिष्यन्-न्ती-ती;\n\n  -- अर्हयमाणः, अर्हयिष्यमाणः;\n\n  [[३। ‘हो ढः’ (८-२-३१) इति ढत्वम्।]] अर्ट्-अर्ड्-अर्हौ-अर्हः;\n\n  -- -- अर्हः, पूजा [[४। ‘अर्हः’ (३-२-१२) इत्यच् कर्मण्युपपदे। अदन्तत्वात् टाप्।]] र्हः-पूजार्हा, अर्हः, अर्जिहिषुः, अर्जिहयिषुः, [[५। ‘अर्हः प्रशंसायाम्’ (३-२-१३३) इति प्रशंसायां शता। प्रशंसाया अन्यत्र ‘वध- मर्हति चोरः’ इति लडेव।]] अर्हन्;\n\n  [पृष्ठम्००४२+ २६] अर्हितव्यम्, अर्हयितव्यम्;\n\n  अर्जिहिषितव्यम्;\n\n  [[आ। ‘गोविन्दस्तुहिनांशुरम्यवदनः कंसं जगद्दोहिनं प्रोहिष्यञ्जगदर्हणीयमहिमा मोदेन निन्ये निशाम्’ धा। का। १-९२।]] अर्ह्णीयम्, अर्हणीयम्, अर्जिहिषणीयम्;\n\n  अर्ह्यम्, अर्ह्यम्, अर्जिहिष्यम्;\n\n  ईषदर्हः, दुरर्हः, स्वर्हः;\n\n  -- अर्ह्यमाणः, अर्ह्यमाणः, अर्जिहिष्यमाणः;\n\n  अर्हः, [[१। ‘न्यङ्क्वादीनां च’ (७-३-५३) इति कुत्वम्। ‘मूल्ये पूजाविधावर्घः--’ इत्यमरः]] अर्घः, अर्हः, अर्जिहिषः;\n\n  अर्हितुम्, अर्हयितुम्, अर्जिहिषितुम्;\n\n  अर्हा, अर्हणा, अर्जिहिषा, अर्जिहयिषा;\n\n  अर्हणम्, अर्हणम्, अर्जिहिषणम्;\n\n  अर्हित्वा, अर्हयित्वा, अर्जिहिषित्वा;\n\n  समर्ह्य, समर्ह्य, समर्जिहिष्य;\n\n  अर्हम् २, अर्हित्वा २, अर्हम् २, अर्हयित्वा २, अर्जिहिषम् २;\n\n  अर्जिहिषित्वा २।
अर्ह	(४५) {@“अर्ह पूजायाम्”@} (१०-चुरादिः-१७३२-सक। सेट्। उभ।) ‘--पूजनेऽर्हति चार्हयेत्।’ (१९७) इति देवः। \n\nपूर्वोक्तभौवादिकार्हतिवत् (४४) रूपाणि सर्वाणि ज्ञेयानि। ण्यन्तात् सनि तु इमानि रूपाणि-- अर्जिहयिषकः-षिका;\n\n  अर्जिहयिषितव्यम्;\n\n  अर्जिहयिषिता-त्री;\n\n  अर्जिहयिषणीयम्;\n\n  अर्जिहयिषन्-न्ती;\n\n  अर्जिहयिष्यम्;\n\n  अर्जिहयिषिष्यन्-न्ती-ती;\n\n  ईषदर्जिहयिषः-दुरर्जिहयिषः-स्वर्जिहयिषः;\n\n  अर्जिहयिषमाणः;\n\n  अर्जिहयिष्यमाणः;\n\n  अर्जिहयिषिष्यमाणः;\n\n  अर्जिहयिषः;\n\n  अर्जिहयिषितम्-तः-तवान्;\n\n  अर्जिहयिषितुम्;\n\n  अर्जिहयिषुः;\n\n  अर्जिहयिषा;\n\n  [पृष्ठम्००४३+ २४] अर्जिहयिषणम्;\n\n  अर्जिहयिषम् २;\n\n  अर्जिहयिषित्वा;\n\n  अर्जिहयिषित्वा २;\n\n  समर्जिहयिष्य;\n\n  इति।।
अर्ह	(४५आ) {@“अर्ह पूजायाम्”@} (१०-चुरादिः-१८३१। सक। से। उभ।) आधृषीयः। ‘--पूजनेऽर्हति चार्हयेत्।’ (१९७) इति देवः।) \n\n‘आधृषाद्वा’ (गणसूत्रं चुरादौ) इति णिचो वैकल्पिकत्वम्। णिज- न्तात् पूजार्थक-चौरादिका (४५) र्हयतिवत्, णिजभावपक्षे भौवादिकार्हतिवत् (४४) च रूपाणि ज्ञेयानि। शाकटायनमते णिजभावपक्षे आत्मनेपदी। तदानीं शानचि ‘अर्हमाणः’ इति रूपम्--इति विशेषः।
अल	(४६) {@“अल भूषणपर्याप्तिवारणेषु”@} (१-भ्वादिः-५१५-सक। से। पर।) आलकः-लिका, आलकः-लिका, अलिलिषकः-षिका;\n\n  अलिता-त्री, आलयिता-त्री, अलिलिषिता-त्री;\n\n  अलन्-न्ती, आलयन्-न्ती, अलिलिषन्-न्ती;\n\n  अलिष्यन्-न्ती-ती, आलयिष्यन्-न्ती-ती, अलिलिषिष्यन्-न्ती-ती;\n\n  [[आ। अयं धातुः स्वरितेत्--इत्येके--इति सिद्धान्तकौमुदी। तदानीं शानजपीति विशेषः। मैत्रेयोऽप्येवमेव।]] अलमानः आलयमानः, अलिलिषमाणः;\n\n  अलिष्यमाणः, आलयिष्यमाणः, अलिलिषिष्यमाणः;\n\n  अल्-अलौ-अलः;\n\n  -- -- अलितः-तं-तवान्, आलितं-तः, अलिलिषितः-तवान्;\n\n  अलः, आलः, अलिलिषुः, आलिलयिषुः;\n\n  अलितव्यम्, आलयितव्यम्, अलिलिषितव्यम्;\n\n  अलनीयम्, आलनीयम्, अलिलिषणीयम्;\n\n  आल्यम्, आल्यम्, अलिलिष्यम्;\n\n  ईषदलः-दुरलः-स्वलः;\n\n  -- -- [पृष्ठम्००४४+ २५] अल्यमानः, आल्यमानः, अलिलिष्यमाणः;\n\n  आलः, आलः, अलिलिषः, [[१। ‘इञ् वपादिभ्यः’ (वा। ३-३-१०८) इतीञ्। ‘कृदिकारादक्तिनः’ (ग। सू। ४-१-४५) इति ङीष्।]] आली-आलिः, अ [[२। ‘क्वुन् शिल्पिसंज्ञयोः’ (द। उणा-३-५।) इति क्वुन्।]]लकम्, अ [[३। ‘क्षिपकादीनां च’ (वा। ७-३-४४) इति इत्वं न।]]लका;\n\n  अलितुम्, आलयितुम्, अलिलिषितुम्;\n\n  [[४। ‘तितुत्रेष्वग्रहादीनां--’ (७-२-९। वा) इति पर्युदासात् इड् भवति।]] अलितिः, आलना, अलिलिषा, आलिलयिषा;\n\n  अलनम्, आलनम्, अलिलिषणम्;\n\n  अलित्वा, आलयित्वा, अलिलिषित्वा;\n\n  समल्य, समाल्य, समलिलिष्य;\n\n  आलम् २, अलित्वा २, आलम् २, आलयित्वा २, अलिलिषम् २;\n\n  अलिलिषित्वा २।
अव	(४७) {@“अव रक्षण गति कान्ति प्रीति तृप्ति अवगम प्रवेश श्रवण”@} {@स्वाम्यर्थ याचन क्रियेच्छा दीप्ति अवाप्ति आलिङ्गन हिंसाऽऽदान भाग वृद्धिषु”@} (१-भ्वादिः-६०० सक। से-पर।) \n\n‘अव् = रक्षणे गतौ कान्तौ प्रीतौ तृप्तौ द्युतौ श्रुतौ। प्राप्तौ श्लेषेऽर्थने वेशे भागे वृद्धौ ग्रहे वधे।। स्वाम्यर्थेऽवगमे कामे कृतौ--’ इति बोपदेवः। आवकः-विका, आवकः-विका, अविविषकः-षिका;\n\n  अविता-त्री, आवयिता-त्री, अविविषिता-त्री;\n\n  अवन् [[आ। तव विदितविषादो दृष्टकृत्स्नाऽऽमिषादः श्रियमनिशमवन्त